file,symbol,kind,startLine,endLine,loc,exported
src/engine/kimariteStrategies.ts,KIMARITE_STRATEGIES,const-arr,102,1060,959,true
src/engine/glossary/terms.ts,GLOSSARY_TERMS,const-arr,4,757,754,true
src/engine/kimariteEnrichment.ts,KIMARITE_ENRICHMENT,const-obj,3,455,453,true
src/engine/bout/boutResultApplier.ts,applyBoutResult,function,37,438,402,true
src/engine/systems/legacy/DynastyService.ts,DynastyService,const-obj,53,448,396,true
src/engine/persistence/SerializationService.ts,SerializationService,const-obj,21,382,362,true
src/engine/systems/training/TrainingService.ts,applyWeeklyTraining,function,126,484,359,true
src/engine/bout/boutResolver.ts,resolveBout,function,148,502,355,true
src/engine/systems/training/TrainingService.ts,anonymous@132,arrow,132,481,350,false
src/engine/systems/narrative/CrisisService.ts,CrisisService,const-obj,107,431,325,true
src/engine/systems/governance/YokozunaService.ts,YokozunaService,const-obj,58,371,314,true
src/engine/lifecycle/CompetitionService.ts,concludeBashoCompetition,function,62,372,311,true
src/engine/systems/economy/GlobalCupService.ts,GlobalCupService,const-obj,23,321,299,true
src/pages/TalentPoolPage.tsx,TalentPoolPage,function,74,371,298,true
src/engine/systems/worldCircuit/WorldCircuitService.ts,WorldCircuitService,const-obj,38,329,292,true
src/engine/bout/physics/tachiai.ts,resolveTachiaiV2,function,47,323,277,true
src/engine/systems/narrative/CrisisService.ts,getRegistry,method,161,430,270,false
src/engine/lifecycle/BashoHistory.ts,recordBashoHistory,function,19,283,265,true
src/engine/systems/governance/governanceReview.ts,runGovernanceReview,function,65,328,264,true
src/engine/simulation/TournamentSimulator.ts,simulateEntireBasho,function,80,337,258,true
src/engine/matchmaking/DramaMatchmaker.ts,scoreDrama,function,148,402,255,true
src/engine/simulation/SimTuningService.ts,SimTuningService,const-obj,49,301,253,true
src/engine/kimariteRegistry.ts,KIMARITE_REGISTRY,const-arr,126,376,251,true
src/engine/simulation/SimTuningService.ts,calculateMetrics,method,53,300,248,false
src/engine/npcAI/execution.ts,executeAgentDecisions,function,106,351,246,true
src/engine/npcAI/StrategicPlanner.ts,PLAN_CATALOG,const-arr,76,318,243,false
src/engine/bout/physics/tickBeltBattle.ts,tickBeltBattle,function,33,273,241,true
src/engine/bout/physics/tickPushBattle.ts,tickPushBattle,function,39,269,231,true
src/engine/systems/economy/InfrastructureService.ts,InfrastructureService,const-obj,34,252,219,true
src/engine/systems/narrative/NarrativeService.ts,NarrativeService,const-obj,153,370,218,true
src/engine/systems/governance/YokozunaService.ts,evaluateActiveYokozuna,method,159,370,212,false
src/engine/simulation/AutoSimService.ts,runAutoSim,function,73,279,207,true
src/engine/core/ImpactResolver.ts,_applyImpact,function,193,398,206,false
src/components/stable/crestMotifPaths.tsx,CREST_MOTIF_RENDERERS,const-obj,12,210,199,true
src/engine/tick/phases/phase06_yearly_boundary.ts,phase06_yearly_boundary,function,39,237,199,true
src/engine/bout/KimariteSelectionEngine.ts,KimariteSelectionEngine,const-obj,40,225,186,true
src/engine/tick/phases/phase05_monthly_boundary.ts,phase05_monthly_boundary,function,50,232,183,true
src/engine/banzuke.ts,updateBanzuke,function,176,357,182,true
src/engine/bout/KimariteSelectionEngine.ts,evaluate,method,44,224,181,false
src/engine/bout/boutGrip.ts,evolveGripGeometry,function,185,362,178,true
src/engine/lifecycle/PrizeDistribution.ts,distributePrizes,function,26,198,173,true
src/engine/lifecycle/rookieFactory.ts,_generateRookie,function,56,228,173,true
src/engine/tick/phases/phase01_week_governance.ts,phase01_week_governance,function,41,212,172,true
src/engine/agents/CrisisAgent.ts,spawnCrisisAgent,function,35,202,168,true
src/contexts/bashoSlice.ts,bashoSlice,function,18,179,162,true
src/engine/systems/legacy/LegacyService.ts,LegacyService,const-obj,27,186,160,true
src/engine/systems/training/SparringService.ts,SparringService,const-obj,88,246,159,true
src/components/game/InstitutionPanel.tsx,InstitutionPanel,function,70,224,155,true
src/store/gameStore.ts,anonymous@79,arrow,79,232,154,true
src/components/game/BoutCard.tsx,anonymous@25,arrow,25,177,153,true
src/components/kesho/keshoPatterns.tsx,renderBasePattern,function,12,164,153,true
src/engine/bout/physics/edgeCrisis.ts,tickEdgeCrisis,function,80,232,153,true
src/components/game/BanzukeReveal.tsx,BanzukeReveal,function,17,167,151,true
src/engine/bout/boutGrip.ts,initBeltBattle,function,33,183,151,true
src/pages/TrendsPage.tsx,TrendsPage,function,30,178,149,true
src/engine/systems/recruitment/ScoutingService.ts,ScoutingService,const-obj,79,226,148,true
src/components/game/PerceptionOverview.tsx,PerceptionOverview,function,22,168,147,true
src/engine/systems/generation/CandidateGenerator.ts,generateCandidate,function,91,237,147,true
src/components/game/MatchDayViewer.tsx,MatchDayViewer,function,34,179,146,true
src/pages/RecapPage.tsx,RecapPage,function,37,182,146,true
src/components/training/BeyaWideRegime.tsx,BeyaWideRegime,function,33,177,145,true
src/engine/tick/tickDaily.ts,advanceOneDay,function,103,247,145,true
src/engine/almanac/career.ts,generateCareerRecord,function,38,181,144,true
src/engine/bout/boutPhaseLoop.ts,runPhaseLoop,function,36,179,144,false
src/engine/persistence/SerializationService.ts,deserializeWorld,method,188,331,144,false
src/components/menu/HeyaCard.tsx,HeyaCard,function,28,170,143,true
src/components/rikishi/RikishiProfileTab.tsx,RikishiProfileTab,function,173,315,143,true
src/engine/systems/generation/CandidateCareer.ts,simulateCareerProgression,function,54,196,143,false
src/engine/systems/narrative/postBashoPress/champion.ts,generateChampionLines,function,12,154,143,true
src/pages/BashoPage.tsx,BashoPage,function,30,172,143,true
src/components/dashboard/TrainingWidget.tsx,TrainingWidget,function,101,242,142,true
src/components/rikishi/RosterListSections.tsx,RosterCard,function,80,221,142,true
src/engine/tick/phases/phase01_week_welfare.ts,phase01_week_welfare,function,54,195,142,true
src/hooks/useRecruitingState.ts,useRecruitingState,function,17,158,142,true
src/components/rikishi/RikishiPageSections.tsx,RikishiProfileBody,function,76,216,141,true
src/engine/bard/BardEngine.ts,BardEngine,const-obj,346,486,141,true
src/hooks/useBashoPageState.ts,useBashoPageState,function,35,175,141,true
src/pages/Dashboard.tsx,Dashboard,function,39,179,141,true
src/contexts/provider/useCommandActions.ts,useSocialTutorialCommands,function,107,245,139,false
src/engine/lifecycle/retireeOyakataConversion.ts,processRetireeOyakataConversion,function,29,167,139,true
src/engine/systems/generation/CandidateBuilder.ts,generateFullRikishi,function,182,320,139,true
src/components/game/KeshoEditorSections.tsx,KeshoEditorControls,function,76,213,138,true
src/components/game/SparringPanel.tsx,SparringPanel,function,34,171,138,true
src/components/media/PressConference.tsx,PressConference,function,32,169,138,true
src/engine/agents/FinanceAgent.ts,spawnFinanceAgent,function,40,177,138,true
src/components/dashboard/BashoWidget.tsx,BashoWidget,function,56,192,137,true
src/pages/EconomyPage.tsx,EconomyPage,function,44,180,137,true
src/presenters/projections/medicalProjection.ts,projectMedicalUIDigest,function,28,164,137,true
src/components/economy/FacilityROIChart.tsx,FacilityROIChart,function,143,277,135,true
src/components/game/StableStatsTable.tsx,StableStatsTable,function,35,169,135,true
src/engine/systems/legacy/DynastyService.ts,triggerSuccession,method,208,342,135,false
src/components/rikishi/career/CareerEarningsCard.tsx,CareerEarningsCard,function,32,165,134,true
src/components/stable/SuccessionModal.tsx,SuccessionModal,function,27,160,134,true
src/engine/prestige/prestigeSystem.ts,runPrestigeDecay,function,77,210,134,true
src/engine/systems/meta/EraDriftService.ts,processYearlyEraDrift,function,30,163,134,true
src/pages/CandidatePoolPage.tsx,CandidatePoolPage,function,146,279,134,true
src/components/game/BoutReplayViewer.tsx,BoutReplayViewer,function,29,161,133,true
src/engine/systems/health/InjuryService.ts,onBoutResolvedInjury,function,196,328,133,true
src/components/game/BoutNarrativeModalSections.tsx,BoutModalHeader,function,27,157,131,true
src/components/history/BashoHistoryCard.tsx,BashoHistoryCard,function,48,177,130,true
src/components/rikishi/RikishiCombatTab.tsx,RikishiCombatTab,function,25,154,130,true
src/contexts/provider/useFlowActions.ts,useFlowActions,function,15,144,130,true
src/engine/archetype.ts,ARCHETYPE_DEFINITIONS,const-obj,14,143,130,false
src/engine/bard/BardEngine.ts,interpolate,function,215,344,130,true
src/engine/systems/legacy/BloodlineService.ts,BloodlineService,const-obj,43,172,130,true
src/components/game/BoutPreMatchOverlay.tsx,BoutPreMatchOverlay,function,103,231,129,true
src/engine/advisor/AdvisorService.ts,intelRecommendations,function,262,390,129,false
src/engine/tick/phases/phase01_week_npc_ai.ts,phase01_week_npc_ai,function,96,224,129,true
src/engine/tick/phases/phase06_narrative.ts,phase06_narrative,function,46,174,129,true
src/components/dashboard/FinancesWidget.tsx,FinancesWidget,function,8,135,128,true
src/engine/agents/RivalryAgent.ts,spawnRivalryAgent,function,35,162,128,true
src/engine/bout/narrative/frames.ts,handleEngagementFrame,function,23,150,128,false
src/components/game/PressConference.tsx,PressConference,function,170,296,127,true
src/engine/worker/commands/recruitment.ts,recruitmentCommands,function,23,149,127,true
src/hooks/useTrainingProfile.ts,useTrainingProfile,function,22,148,127,true
src/pages/NewGameWizard.tsx,NewGameWizard,function,28,154,127,true
src/components/economy/IncomeExpensesCards.tsx,IncomeExpensesCards,function,20,145,126,true
src/engine/bout/narrative/prelude.ts,beatRivalryContext,function,67,192,126,false
src/components/hof/InducteeCards.tsx,InducteeFullCard,function,46,170,125,true
src/engine/core/ImpactBuilder.ts,ImpactBuilder.merge,method,392,516,125,false
src/engine/lifecycle/retirementNarrative.ts,generateRetirementNarrative,function,20,144,125,true
src/engine/systems/governance/KihakuService.ts,KihakuService,const-obj,36,160,125,true
src/presenters/projections/actionQueue.ts,buildActionQueue,function,38,162,125,true
src/components/training/InjuryRiskHeatmap.tsx,InjuryRiskHeatmap,function,60,183,124,true
src/components/rikishi/RikishiProfileHeaderSections.tsx,RankWatchIndicators,function,99,221,123,false
src/engine/systems/media/MediaBoutService.ts,updateMediaFromBout,function,49,171,123,true
src/engine/tick/phases/phase01_week_rivalries.ts,phase01_week_rivalries,function,31,153,123,true
src/pages/StablePage.tsx,StablePage,function,28,150,123,true
src/pages/TalentPoolPage.tsx,anonymous@244,arrow,244,366,123,false
src/components/scouting/RecruitingTabSections.tsx,CandidateCard,function,183,304,122,true
src/components/training/IndividualFocusSlots.tsx,IndividualFocusSlots,function,25,146,122,true
src/engine/matchmaking/DramaMatchmaker.ts,applyDramaBudget,function,440,561,122,true
src/components/dashboard/KenshoManagementWidget.tsx,KenshoManagementWidget,function,10,130,121,true
src/components/game/PressConference.tsx,generatePressQuestions,function,27,147,121,false
src/components/kesho/keshoBorders.tsx,renderBorder,function,12,132,121,true
src/components/stable/AcademyManagementPanel.tsx,AcademyManagementPanel,function,32,152,121,true
src/components/training/TrainingAnalytics.tsx,TrainingAnalytics,function,54,174,121,true
src/constants/ui/wizard.ts,OYAKATA_BACKSTORIES,const-arr,25,145,121,true
src/engine/core/ImpactResolver.ts,mergeImpacts,function,496,616,121,true
src/engine/systems/generation/CandidatePoolService.ts,tickWeekCandidatePool,function,262,382,121,true
src/components/layout/control-center/DataTable.tsx,DataTableInner,function,28,147,120,false
src/components/game/perceptionComponents.tsx,anonymous@377,arrow,377,495,119,true
src/components/rikishi/career/CareerProgressionChart.tsx,CareerProgressionChart,function,71,189,119,true
src/engine/historyIndex.ts,indexBashoResult,function,240,358,119,true
src/engine/holiday.ts,checkGate,function,117,234,118,false
src/components/training/TsukebitoPanel.tsx,TsukebitoPanel,function,13,129,117,true
src/engine/banzuke/publish/newRanks.ts,applyNewRanks,function,20,136,117,true
src/engine/systems/generation/TalentPoolMaintenance.ts,tickWeekTalentPool,function,14,130,117,true
src/engine/agents/GovernanceAgent.ts,spawnGovernanceAgent,function,36,151,116,true
src/engine/agents/NarrativeAgent.ts,spawnNarrativeAgent,function,32,147,116,true
src/engine/persistence/SerializationService.ts,liveWorld,const-obj,205,320,116,false
src/engine/systems/governance/MyosekiTradingService.ts,CANONICAL_MYOSEKI_NAMES,const-arr,20,135,116,true
src/engine/tick/phases/phase01_week_recruitment.ts,phase01_week_recruitment,function,25,140,116,true
src/components/game/ProgressionTracker.tsx,ProgressionTracker,function,148,262,115,true
src/components/layout/HolidayDialog.tsx,HolidayDialog,function,41,155,115,true
src/components/stable/KeshoMawashiGallery.tsx,KeshoMawashiGallery,function,14,128,115,true
src/components/rivalries/RivalriesPageSections.tsx,RivalrySections,function,28,141,114,true
src/engine/oyakataPersonalities.ts,generateOyakata,function,194,307,114,true
src/engine/systems/generation/applyOyakataConfig.ts,PLAYER_BACKSTORIES,const-arr,43,156,114,true
src/engine/agents/RecruitmentAgent.ts,spawnRecruitmentAgent,function,35,147,113,true
src/engine/loop/LoopDecisionEngine.ts,applyDecisionEffect,function,304,416,113,true
src/engine/records.ts,onBashoEnded,function,111,223,113,true
src/engine/systems/training/MentorshipService.ts,MentorshipService,const-obj,65,177,113,true
src/engine/types/infrastructure.ts,FACILITY_REGISTRY,const-obj,49,161,113,true
src/pages/HistoryDashboard.tsx,StablesTab,arrow,196,308,113,false
src/components/avatar/AvatarParts.tsx,AvatarFaceDetails,function,154,265,112,true
src/components/dashboard/TrendsWidget.tsx,TrendsWidget,function,12,123,112,true
src/components/wizard/StableStep.tsx,StableStep,function,22,133,112,true
src/engine/npcAI/weekly/agents.ts,runAgentLayer,function,38,149,112,true
src/components/kesho/KeshoMawashiDisplay.tsx,KeshoMawashiDisplay,function,24,134,111,true
src/engine/systems/keshoMawashi/KeshoMawashiPipeline.ts,generateKeshoForPromotions,function,22,132,111,true
src/engine/tick/phases/phase01_basho_bouts.ts,phase01_basho_bouts,function,29,139,111,true
src/pages/RegionalHubPage.tsx,RegionalHubPage,function,22,132,111,true
src/components/rivalries/RivalryCard.tsx,RivalryCard,function,40,148,109,true
src/engine/matchmaking/LowerDivisionSwiss.ts,phase2,function,128,236,109,false
src/components/onboarding/OnboardingTourDialog.tsx,OnboardingTourDialog,function,45,152,108,true
src/engine/loop/LoopDecisionEngine.ts,detectDueDecisions,function,37,144,108,true
src/engine/matchmaking/MatchmakingPhases.ts,scorePairing,function,178,285,108,true
src/engine/systems/media/MediaPreBashoService.ts,triggerPreBashoJournalism,function,19,126,108,true
src/engine/systems/narrative/rivalry/bout.ts,onBoutResolved,function,27,134,108,true
src/hooks/useExhibitionBout.ts,useExhibitionBout,function,41,148,108,true
src/hooks/useGovernanceDerived.tsx,useGovernanceDerived,function,75,182,108,true
src/components/game/InfrastructurePanel.tsx,InfrastructurePanel,function,27,133,107,true
src/engine/historyIndex.ts,buildHistoryIndex,function,94,200,107,true
src/engine/lifecycle/buildRetiredRikishiSummary.ts,buildRetiredRikishiSummary,function,17,123,107,true
src/engine/myosekiMarket.ts,MYOSEKI_NAMES,const-arr,25,131,107,false
src/engine/systems/generation/TalentPoolNPCRecruitment.ts,fillVacanciesForNPC,function,23,129,107,true
src/engine/systems/generation/applyOyakataConfig.ts,applyOyakataCreationConfig,function,171,277,107,true
src/components/dashboard/ActionQueueWidget.tsx,ActionQueueWidget,function,19,124,106,true
src/components/game/PlayoffBracket.tsx,PlayoffBracket,function,11,116,106,true
src/constants/engine/kimariteTargets.ts,KIMARITE_FREQUENCY_TARGETS,const-obj,23,128,106,true
src/engine/matchmaking/SwissAlgorithm.ts,phase2,function,265,370,106,false
src/engine/mergers.ts,executeMerger,function,28,133,106,true
src/engine/shikona/generation.ts,generateCandidate,function,23,128,106,true
src/pages/TalentPoolPage.tsx,anonymous@257,arrow,257,362,106,false
src/components/game/IntaiCeremony.tsx,IntaiCeremony,function,83,187,105,true
src/components/game/RecruitSigningDialog.tsx,RecruitSigningDialog,function,72,176,105,true
src/components/layout/AppSidebarSections.tsx,SidebarStatusFooter,function,223,327,105,true
src/engine/economics.ts,onBoutResolvedEconomics,function,91,195,105,true
src/hooks/useRosterData.ts,useRosterData,function,12,116,105,true
src/components/dashboard/DashboardColumns.tsx,DashboardStableColumn,function,25,128,104,true
src/contexts/provider/useSaveQueryActions.ts,useSaveQueryActions,function,15,118,104,true
src/engine/lifecycle/retirementCheck.ts,checkRetirement,function,42,145,104,true
src/engine/systems/generation/RosterFactory.ts,createRosters,function,22,125,104,true
src/hooks/useMainMenuState.ts,useMainMenuState,function,21,124,104,true
src/components/dashboard/RosterWidget.tsx,RosterWidget,function,176,278,103,true
src/components/rikishi/career/BashoHistoryTable.tsx,HistoryRow,function,18,120,103,false
src/engine/persistence/MigrationService.ts,migrateToV1_1_0,arrow,49,151,103,false
src/engine/persistence/SaveSlotService.ts,SaveSlotService,const-obj,26,128,103,true
src/engine/systems/generation/CandidateBuilder.ts,convertCandidateToRikishi,function,326,428,103,true
src/components/dashboard/SponsorRecruitmentWidget.tsx,SponsorRecruitmentWidget,function,91,192,102,true
src/engine/npcAI/planOutcomes.ts,evaluatePlanOutcome,function,166,267,102,true
src/engine/systems/generation/WorldFactory.ts,generateInitialWorld,function,68,169,102,true
src/engine/types/banzuke.ts,RANK_HIERARCHY,const-obj,116,217,102,true
src/hooks/useEconomyDerived.ts,useEconomyDerived,function,19,120,102,true
src/hooks/useSaveSlotManager.ts,useSaveSlotManager,function,20,121,102,true
src/pages/YouthAcademyPage.tsx,YouthAcademyPage,function,20,121,102,true
src/components/rikishi/RikishiGlobalCup.tsx,RikishiGlobalCup,function,18,118,101,true
src/components/training/WeeklyDrillPlannerSections.tsx,RikishiRow,function,220,320,101,false
src/engine/rikishiAgency/requests.ts,applyRequestOutcome,function,85,185,101,true
src/pages/StaffPage.tsx,StaffPage,function,19,119,101,true
src/components/layout/TopNavBarSections.tsx,ContextCluster,function,43,142,100,true
src/components/officials/OfficialsPanel.tsx,OfficialsPanel,function,14,113,100,true
src/engine/bout/narrative/interview.ts,runInterviewLoop,function,112,211,100,false
src/engine/systems/legacy/TrainingPhilosophyService.ts,TrainingPhilosophyService,const-obj,23,122,100,true
src/components/TitleBar.tsx,TitleBar,function,9,107,99,true
src/components/game/InjuryRecoveryPanelSections.tsx,InjuredRikishiCard,function,64,162,99,true
src/components/governance/OyakataProfileDrawer.tsx,OyakataProfileDrawer,function,17,115,99,true
src/components/governance/RivalOyakataCard.tsx,RivalOyakataCard,function,28,126,99,true
src/components/scouting/StableIntelTab.tsx,StableIntelTab,function,21,119,99,true
src/engine/banzuke/publish/performance.ts,buildPerformanceList,function,336,434,99,true
src/engine/bard/BardEngine.ts,anonymous@225,arrow,225,323,99,false
src/engine/holiday.ts,GATE_HANDLERS,const-obj,132,230,99,false
src/engine/agents/MediaAgent.ts,spawnMediaAgent,function,31,128,98,true
src/hooks/useRivalriesDerived.ts,useRivalriesDerived,function,23,120,98,true
src/presenters/projections/digestProjections.ts,buildEventSections,function,108,205,98,true
src/engine/banzuke/publish/performance.ts,recordBashoPerformance,function,176,272,97,false
src/engine/persistence/SerializationService.ts,serializeWorld,method,85,181,97,false
src/engine/systems/economy/FinanceCalculator.ts,calculateHeyaWeeklyFinances,function,65,161,97,true
src/engine/tick/phases/phase01_week_training.ts,phase01_week_training,function,66,162,97,true
src/components/dashboard/RosterWidget.tsx,anonymous@17,arrow,17,112,96,false
src/components/game/BoutNarrativeModal.tsx,BoutNarrativeModal,function,56,151,96,true
src/components/game/boutReplay/boutCanvas/drawRikishiParts.ts,computePose,function,26,121,96,true
src/components/menu/SaveSlotManagerSections.tsx,SaveSlotCard,function,33,128,96,false
src/components/stable/StablePageTabs.tsx,RosterTab,function,32,127,96,true
src/engine/banzuke/publish/movements.ts,applyMovementEvents,function,21,116,96,true
src/presenters/projections/recapProjections.ts,selectFromMatches,function,97,192,96,false
src/components/game/MentorAssignmentPanel.tsx,MentorAssignmentPanel,function,64,158,95,true
src/components/layout/TopNavBarSections.tsx,NavControls,function,145,239,95,true
src/engine/systems/keshoMawashi/HeyaBrandGenerator.ts,HEYA_NAME_TRADITIONS,const-obj,16,110,95,false
src/engine/worker/commands/governance.ts,governanceCommands,function,21,115,95,true
src/hooks/useKeyboardShortcuts.ts,useKeyboardShortcuts,function,32,126,95,true
src/components/almanac/AlmanacTabs.tsx,TechniquesTab,function,246,339,94,true
src/components/stable/InfrastructureSections.tsx,FacilityCard,function,127,220,94,true
src/engine/matchmaking/LowerDivisionSwiss.ts,scoreLowerDivisionDrama,function,247,340,94,false
src/engine/systems/economy/GlobalCupService.ts,selectParticipants,method,27,120,94,false
src/pages/CandidatePoolPage.tsx,CandidateRow,function,44,137,94,false
src/pages/InjuryRecoveryPage.tsx,InjuryRecoveryPage,function,20,113,94,true
src/components/game/boutReplay/useBoutReplay.ts,useBoutReplay,function,50,142,93,true
src/components/rikishi/RikishiProfileHeaderSections.tsx,buildStatEntries,function,304,396,93,false
src/components/ui/sidebar/core.tsx,Sidebar,function,10,102,93,true
src/engine/bout/narrative/postbout2.ts,beatMonoii,function,392,484,93,false
src/engine/lifecycle/PlayoffResolver.ts,resolvePlayoffs,function,18,110,93,true
src/engine/npcAI/TacticalCoordinator.ts,applyPlanConstraints,function,130,222,93,true
src/engine/tick/phases/phase01_week_npc_ai.ts,maybeAssignNPCSparringPairs,function,300,392,93,false
src/hooks/useSaveLoadState.ts,useSlotActions,function,17,109,93,false
src/pages/GlossaryPage.tsx,GlossaryPage,function,23,115,93,true
src/components/game/KeshoEditor.tsx,KeshoEditor,function,23,114,92,true
src/components/governance/GovernanceRulingsTab.tsx,GovernanceRulingsTab,function,24,115,92,true
src/engine/almanac/narrativeEnrichment.ts,runAlmanacNarrativeUpdate,function,210,301,92,true
src/engine/lineage.ts,assignMentor,function,29,120,92,true
src/pages/GovernancePage.tsx,GovernancePage,function,16,107,92,true
src/components/banzuke/YokozunaTrajectory.tsx,CandidateCard,function,93,183,91,false
src/components/basho/BashoStandingsEvolution.tsx,BashoStandingsEvolution,function,45,135,91,true
src/components/game/boutReplay/boutCanvas/draw.ts,drawDohyo,function,13,103,91,true
src/components/scouting/CompareModePanelSections.tsx,TrialClashSection,function,128,218,91,true
src/components/scouting/OpponentScoutingSections.tsx,OpponentCard,function,66,156,91,true
src/engine/systems/generation/HeyaFactory.ts,createHeyaWithOyakata,function,38,128,91,true
src/engine/worker/commands/lifecycle.ts,lifecycleCommands,function,87,177,91,true
src/presenters/projections/governanceProjections.ts,projectGovernanceDerived,function,66,156,91,true
src/components/game/BanzukeReveal.tsx,anonymous@65,arrow,65,154,90,false
src/components/game/FacilitiesManagementPanelSections.tsx,FacilityAxisCard,function,91,180,90,true
src/components/game/SponsorsPanelSections.tsx,ActiveSponsorsCard,function,98,187,90,true
src/components/layout/AppSidebar.tsx,AppSidebar,function,20,109,90,true
src/components/ui/sidebar/provider.tsx,SidebarProvider,function,14,103,90,true
src/components/wizard/FactionStep.tsx,FactionStep,function,28,117,90,true
src/contexts/provider/useCommandActions.ts,useGovernanceEconomyCommands,function,15,104,90,false
src/engine/systems/generation/CandidatePoolService.ts,simulateNPCInterest,function,103,192,90,true
src/engine/systems/training/SparringService.ts,applyWeeklySparring,function,397,486,90,true
src/pages/BanzukePage.tsx,BanzukePage,function,15,104,90,true
src/pages/RikishiPage.tsx,RikishiPage,function,31,120,90,true
src/components/dashboard/BaseWidget.tsx,BaseWidget,function,32,120,89,true
src/components/onboarding/MentorOverlay.tsx,MentorOverlay,function,47,135,89,true
src/engine/matchmaking/SwissAlgorithm.ts,phase3,function,390,478,89,false
src/engine/systems/narrative/RivalryHeatService.ts,applyBoutToPairState,function,114,202,89,true
src/components/avatar/AvatarParts.tsx,AvatarHairstyle,function,64,151,88,true
src/components/banzuke/RikishiCell.tsx,RikishiCell,fn-expr,20,107,88,true
src/components/ui/EmptyState.tsx,EmptyState,function,38,125,88,true
src/engine/strategy/NPCStrategyService.ts,decideTrainingIntensity,function,68,155,88,true
src/engine/systems/generation/TalentPoolNPCRecruitment.ts,fillVacanciesForNPCWithBidding,function,134,221,88,true
src/presenters/projections/bashoProjections.ts,projectBashoUIDigest,function,25,112,88,true
src/components/game/BoutNarrativeModalSections.tsx,BoutModalTabs,function,212,298,87,true
src/components/media/MediaPageSections.tsx,PendingMediaCard,function,194,280,87,true
src/engine/npcAI/ArchetypeAdaptation.ts,updateMetaAdaptation,function,127,213,87,true
src/engine/npcAI/weekly/postPasses.ts,applyPromotionAwareness,function,12,98,87,true
src/engine/systems/economy/KenshoService.ts,assignKenshoBanners,function,117,203,87,true
src/engine/systems/keshoMawashi/KeshoMawashiFactory.ts,generateKeshoMawashi,function,39,125,87,true
src/engine/systems/worldCircuit/WorldCircuitService.ts,processExhibitionResult,method,93,179,87,false
src/presenters/projections/rivalriesProjections.ts,projectRivalriesPage,function,33,119,87,true
src/engine/matchmaking/SwissAlgorithm.ts,phase1,function,176,261,86,false
src/engine/mergers.ts,transferRosterAcrossMerger,function,141,226,86,false
src/engine/npcAIWorkers.ts,spawnPersonnelWorker,function,149,234,86,true
src/components/game/InfrastructurePanel.tsx,anonymous@44,arrow,44,128,85,false
src/components/game/LineageTree.tsx,LineageTree,arrow,16,100,85,true
src/components/layout/AppSidebarSections.tsx,NavItem,function,90,174,85,false
src/components/layout/sidebarConfig.ts,getMenuGroups,function,52,136,85,true
src/components/stable/HeyaBrandBadge.tsx,HeyaBrandBadge,function,21,105,85,true
src/components/training/IndividualFocusSlots.tsx,anonymous@49,arrow,49,133,85,false
src/engine/bout/physics/resultBuilders.ts,buildBoutResultV2,function,15,99,85,true
src/engine/bout/tacticProfiles.ts,TACTIC_PROFILES,const-obj,68,152,85,true
src/engine/h2h.ts,generateH2HCommentary,function,121,205,85,true
src/engine/systems/economy/GlobalCupService.ts,advanceTournament,method,178,262,85,false
src/engine/systems/generation/TalentPoolNPCRecruitment.ts,assignWinningBids,function,271,355,85,false
src/pages/RivalStablesPage.tsx,RivalStablesPage,function,19,103,85,true
src/components/basho/BashoPageSections.tsx,BashoModals,function,355,438,84,true
src/engine/lifecycle/CareerService.ts,CareerService,const-obj,46,129,84,true
src/engine/systems/meta/HistoryService.ts,HistoryService,const-obj,15,98,84,true
src/hooks/useKenshoData.ts,useKenshoData,function,14,97,84,true
src/components/banzuke/BanzukeControls.tsx,BanzukeControlsRow,function,23,105,83,true
src/components/rikishi/RikishiProfileTab.tsx,generateScoutNote,function,31,113,83,false
src/engine/systems/generation/CandidateStats.ts,rollPotential,function,113,195,83,true
src/engine/systems/legacy/DynastyService.ts,tickSuccessionCheck,method,62,144,83,false
src/engine/training/WeightJourney.ts,applyWeightJourneyTick,function,64,146,83,true
src/pages/HallOfFamePage.tsx,HallOfFamePage,function,20,102,83,true
src/components/banzuke/DivisionTable.tsx,DivisionTable,fn-expr,25,106,82,true
src/components/dashboard/GlobalCupWidget.tsx,GlobalCupWidget,function,13,94,82,true
src/components/game/perceptionComponents.tsx,RikishiComparisonGrid,function,155,236,82,true
src/engine/events.ts,logEngineEvent,function,82,163,82,true
src/presenters/npcAgentProjections.ts,surfaceEvent,function,178,259,82,false
src/components/dashboard/CalendarWidgetSections.tsx,CalendarActions,function,108,188,81,true
src/components/dashboard/ScoutingWidget.tsx,ScoutingWidget,function,135,215,81,true
src/components/staff/StaffPageSections.tsx,RecruitSlot,function,72,152,81,true
src/engine/banzuke/specialPrizes.ts,determineSpecialPrizes,function,15,95,81,true
src/engine/systems/governance/ScandalService.ts,tickWeekGovernance,function,97,177,81,true
src/components/game/YokozunaDeliberation.tsx,YokozunaDeliberation,function,55,134,80,true
src/components/menu/SaveSlotManager.tsx,SaveSlotManager,function,23,102,80,true
src/engine/bout/narrative/postbout2.ts,beatPostBoutStoryline,function,92,171,80,false
src/engine/tick/phases/phase01_basho_npc_tactics.ts,phase01_basho_npc_tactics,function,134,213,80,true
src/pages/AlmanacPage.tsx,AlmanacPage,function,27,106,80,true
src/pages/SchedulePage.tsx,SchedulePage,function,16,95,80,true
src/presenters/rikishi/transformers/roster.ts,projectRosterEntry,function,26,105,80,true
src/components/EventDetailDialog.tsx,EventDetailDialog,function,83,161,79,true
src/components/governance/GovernancePoliticsTab.tsx,IchimonRankings,function,163,241,79,false
src/components/recap/TournamentCeremonySections.tsx,ChampionSection,function,18,96,79,true
src/components/rikishi/RikishiProfileHeaderSections.tsx,HeaderBadges,function,18,96,79,true
src/engine/systems/welfare/WelfareCalculations.ts,calculateWeeklyWelfareDelta,function,94,172,79,true
src/engine/systems/worldCircuit/WorldCircuitService.ts,applyStyleDrift,method,250,328,79,false
src/engine/tick/phases/phase01_daily_welfare.ts,phase01_daily_welfare,function,32,110,79,true
src/hooks/useGovernanceDerived.tsx,anonymous@90,arrow,90,168,79,false
src/hooks/useTrainingState.ts,useTrainingState,function,23,101,79,true
src/components/recap/NarrativeSummarySections.tsx,GovernanceSection,function,240,317,78,true
src/components/recap/RecapSections.tsx,RecapModals,function,175,252,78,true
src/components/rikishi/career/NotableBouts.tsx,NotableBouts,function,12,89,78,true
src/components/wizard/IdentityStepSections.tsx,BackstoryCard,function,112,189,78,false
src/engine/banzuke.ts,banzukeMovementEvents,function,368,445,78,false
src/engine/holiday.ts,buildHolidayDigest,function,305,382,78,false
src/engine/npcAIWorkers.ts,spawnGlobalWorker,function,239,316,78,true
src/engine/overflow.ts,enforceHardCapRosterOverflow,function,21,98,78,true
src/engine/systems/training/TrainingMath.ts,calculateGrowthWithModifiers,function,249,326,78,true
src/engine/tick/phases/phase01_week_rikishi_agency.ts,phase01_week_rikishi_agency,function,38,115,78,true
src/pages/BookmarksPage.tsx,BookmarksPage,function,86,163,78,true
src/components/game/HoFInductionCeremony.tsx,HoFInductionCeremony,function,55,131,77,true
src/components/game/boutReplay/replayLoop.ts,replayTick,function,147,223,77,true
src/components/layout/EventLogSections.tsx,EventRow,function,58,134,77,false
src/components/layout/SubNavTabs.tsx,SubNavTabs,function,19,95,77,true
src/components/menu/RikishiDetailDialogSections.tsx,CombatStyleSection,function,174,250,77,true
src/engine/bout/KimariteSelectionEngine.ts,anonymous@96,arrow,96,172,77,false
src/engine/oyakataStylePreferences.ts,getOyakataStyleProfile,function,49,125,77,true
src/engine/perception.ts,buildPerceptionSnapshot,function,379,455,77,true
src/pages/TrainingPage.tsx,TrainingPage,function,26,102,77,true
src/presenters/projections/stableSelectionProjections.ts,selectRecommendedStables,function,41,117,77,true
src/components/game/BoutResultDisplaySections.tsx,WinnerReveal,function,20,95,76,true
src/components/game/RikishiCard.tsx,RikishiCard,fn-expr,24,99,76,true
src/components/game/SaveLoadDialogComponents.tsx,anonymous@16,arrow,16,91,76,true
src/components/game/boutCardComponents.tsx,BoutTags,function,68,143,76,true
src/components/recap/TournamentCeremonySections.tsx,SpecialPrizesSection,function,210,285,76,true
src/engine/banzuke/publish/performance.ts,evaluateOzekiYokozunaBid,function,30,105,76,false
src/engine/lifecycle/RegistryService.ts,runCareerJournalUpdates,function,90,165,76,true
src/engine/systems/governance/governanceReview.ts,runRetirements,function,380,455,76,true
src/hooks/useRivalriesDerived.ts,anonymous@42,arrow,42,117,76,false
src/presenters/projections/globalCupProjections.ts,projectGlobalCup,function,17,92,76,true
src/components/almanac/AlmanacTabs.tsx,RecordsTab,function,169,243,75,true
src/components/dashboard/FacilitiesWidget.tsx,FacilitiesWidget,function,45,119,75,true
src/components/economy/SponsorshipHubSections.tsx,SponsorCard,function,103,177,75,true
src/components/game/SponsorContractsPanel.tsx,SponsorContractsPanel,function,98,172,75,true
src/components/game/boutReplay/replayRuntime.ts,useReplayRefs,function,65,139,75,true
src/components/recruitment/YouthAcademyPanel.tsx,YouthAcademyPanel,function,21,95,75,true
src/engine/almanac/snapshot.ts,buildAlmanacSnapshot,function,7,81,75,true
src/engine/schedule.ts,scheduleDivisionDay,function,88,162,75,true
src/engine/systems/generation/talentPoolScoutingOps.ts,getScoutedCandidateView,function,140,214,75,true
src/engine/worker/commands/meta.ts,metaCommands,function,111,185,75,true
src/hooks/useCrisisDetection.ts,useCrisisDetection,function,24,98,75,true
src/components/basho/NakabiHighlightCard.tsx,NakabiHighlightCard,function,12,85,74,true
src/components/dashboard/DashboardColumns.tsx,DashboardTrainingColumn,function,143,216,74,true
src/components/governance/GovernanceOverviewTab.tsx,GovernanceOverviewTab,function,30,103,74,true
src/components/oyakata/OyakataPageSections.tsx,CareerAsRikishiCard,function,76,149,74,true
src/engine/bout/narrative/interview.ts,selectInterviewType,function,37,110,74,false
src/engine/records.ts,updateLeaderboard,function,32,105,74,false
src/engine/worker/commands/economy.ts,economyCommands,function,17,90,74,true
src/hooks/useMyosekiMarket.ts,useMyosekiMarket,function,16,89,74,true
src/components/economy/FinancialTrendsChart.tsx,FinancialTrendsChart,function,134,206,73,true
src/components/game/InjuryRecoveryPanel.tsx,InjuryRecoveryPanel,function,28,100,73,true
src/engine/almanac/career.ts,simulateRankProgression,function,233,305,73,false
src/engine/bout/narrative/context.ts,beatPrevBashoRecord,function,52,124,73,false
src/engine/tick/phases/monthly/facilities/npcInvestment.ts,processNpcAutoInvestment,function,21,93,73,true
src/engine/tick/phases/phase00_preflight.ts,checkPhaseTransition,function,123,195,73,false
src/engine/tick/tickDaily.ts,advanceDaysFast,function,305,377,73,true
src/hooks/useDashboardDerived.ts,useDashboardDerived,function,87,159,73,true
src/components/dashboard/PreBashoAssessment.tsx,PreBashoAssessment,function,101,172,72,true
src/components/game/HoFTimeline.tsx,HoFTimeline,function,41,112,72,true
src/components/game/KeyBoutsSection.tsx,KeyBoutsSection,function,22,93,72,true
src/components/kesho/keshoEffects.tsx,renderEmbroideryEffect,function,13,84,72,true
src/components/layout/AppLayout.tsx,AppLayout,function,29,100,72,true
src/components/onboarding/ExhibitionBout.tsx,ExhibitionBout,function,22,93,72,true
src/components/recap/NarrativeSummarySections.tsx,YdcEntry,function,339,410,72,false
src/contexts/provider/useWorkerSync.ts,useWorkerSync,function,19,90,72,true
src/engine/banzuke.ts,compareBanzuke,function,78,149,72,true
src/engine/bout/narrative/stakes.ts,beatTournamentDay,function,108,179,72,false
src/engine/naturalization.ts,checkNaturalizations,function,21,92,72,true
src/engine/systems/basho/NakabiService.ts,generateNakabiSummary,function,38,109,72,true
src/engine/systems/economy/MochikyukinService.ts,accumulateMochikyukinPoints,function,37,108,72,true
src/hooks/useBanzukeDerived.ts,useBanzukeDerived,function,30,101,72,true
src/pages/RivalriesPage.tsx,RivalriesPage,function,22,93,72,true
src/store/gameStore.ts,initWorker,arrow,96,167,72,true
src/components/dashboard/YushoRaceWidget.tsx,anonymous@25,arrow,25,95,71,false
src/components/economy/SponsorSatisfactionChart.tsx,SponsorSatisfactionChart,function,62,132,71,true
src/components/menu/SaveSlotManagerSections.tsx,ArchiveDialogContent,function,131,201,71,true
src/components/rikishi/RikishiKeshoMawashi.tsx,RikishiKeshoMawashi,function,20,90,71,true
src/components/scouting/OpponentScoutingTab.tsx,OpponentScoutingTab,function,13,83,71,true
src/engine/loans.ts,issueBailoutLoanIfNeeded,function,110,180,71,true
src/engine/systems/economy/sponsorshipMutations.ts,adjustKoenkaiBandToPrestige,function,192,262,71,true
src/engine/tick/phases/phase_pre_basho_assessment.ts,phase_pre_basho_assessment,function,34,104,71,true
src/hooks/useAlmanacDerived.ts,useAlmanacDerived,function,17,87,71,true
src/components/hof/HofPageSections.tsx,HofTabsRow,function,113,182,70,true
src/components/rikishi/RikishiPotentialPanel.tsx,RikishiPotentialPanel,function,33,102,70,true
src/engine/avatarGenerator.ts,generateAvatarConfig,function,20,89,70,true
src/engine/bout/BoutAI.ts,chooseTactic,function,98,167,70,true
src/engine/bout/narrative/postbout.ts,beatPostBoutKachi,function,137,206,70,false
src/engine/systems/generation/TalentPoolOffers.ts,resolveCandidateSuitor,function,87,156,70,true
src/engine/systems/recruitment/YouthAcademyService.ts,promoteIntake,function,321,390,70,true
src/pages/HistoryPage.tsx,HistoryPage,function,29,98,70,true
src/components/exhibition/ExhibitionInvitationsPanel.tsx,InvitationRow,function,65,133,69,false
src/components/rikishi/RikishiProfileHeaderSections.tsx,HeaderIdentity,function,224,292,69,true
src/engine/calendar.ts,BASHO_CALENDAR,const-obj,31,99,69,true
src/engine/systems/narrative/PostBashoPressService.ts,generatePressConference,function,35,103,69,false
src/engine/systems/recruitment/YouthAcademyService.ts,generateYearlyIntake,function,198,266,69,true
src/hooks/useRecapDerived.ts,useRecapDerived,function,24,92,69,true
src/pages/HistoryDashboard.tsx,CohortsTab,function,310,378,69,false
src/pages/MyosekiMarketPage.tsx,MyosekiMarketPage,function,23,91,69,true
src/components/dashboard/PromotionPipelineWidget.tsx,PromotionPipelineWidget,function,20,87,68,true
src/components/dashboard/StableWidget.tsx,StableWidget,function,45,112,68,true
src/components/game/SponsorContractsPanel.tsx,anonymous@24,arrow,24,91,68,false
src/components/governance/GovernancePoliticsTab.tsx,PoliticalFavorsList,function,94,161,68,false
src/components/rikishi/RikishiLineage.tsx,RikishiLineage,function,13,80,68,true
src/engine/almanac/narrativeEnrichment.ts,enrichAlmanacRecord,function,141,208,68,true
src/engine/bout/yaocho.ts,checkYaocho,function,131,198,68,true
src/engine/core/ImpactResolver.ts,applyArrayAppends,function,108,175,68,false
src/engine/systems/narrative/rivalry/seeding.ts,seedInitialRivalries,function,37,104,68,true
src/engine/systems/training/TrainingMath.ts,extractTrainingModifiers,function,176,243,68,true
src/hooks/useKeyboardShortcuts.ts,anonymous@39,arrow,39,106,68,false
src/components/governance/GovernanceRulingsTab.tsx,anonymous@37,arrow,37,103,67,false
src/components/recap/NarrativeSummarySections.tsx,EventCard,function,54,120,67,true
src/components/recap/NarrativeSummarySections.tsx,MovementsSection,function,171,237,67,true
src/components/stable/KeshoMawashiGallery.tsx,anonymous@58,arrow,58,124,67,false
src/engine/governance/yokozunaAttendants.ts,assignYokozunaAttendants,function,25,91,67,true
src/engine/lifecycle/CareerService.ts,processRetirements,method,62,128,67,false
src/engine/npcAI/ticks.ts,tickMonthlyNPC,function,18,84,67,true
src/engine/systems/legacy/tenure.ts,applyBashoTenure,function,63,129,67,true
src/engine/systems/narrative/rivalry/seeding.ts,maybeSeedSparringRivalry,function,111,177,67,true
src/pages/ScoutingPage.tsx,ScoutingPage,function,15,81,67,true
src/presenters/projections/digestProjections.ts,buildWeeklyDigest,function,328,394,67,true
src/presenters/tsukebitoProjections.ts,projectTsukebito,function,45,111,67,true
src/components/basho/JungyoInvitationCard.tsx,JungyoInvitationCard,function,13,78,66,true
src/components/dashboard/DigestWidget.tsx,DigestWidget,function,154,219,66,true
src/components/layout/control-center/StatCard.tsx,StatCard,function,64,129,66,true
src/components/menu/MainMenuSections.tsx,BashoCrest,function,25,90,66,false
src/engine/myosekiMarket.ts,tickMyosekiMarket,function,204,269,66,true
src/engine/oyakataStylePreferences.ts,PHILOSOPHY_HANDLERS,const-obj,57,122,66,false
src/engine/simulation/ChronicleService.ts,ChronicleService,const-obj,9,74,66,true
src/engine/systems/generation/HeyaFactory.ts,createStables,function,147,212,66,true
src/engine/systems/generation/TalentPoolStateService.ts,tickYear,function,266,331,66,true
src/engine/tick/phases/monthly/economics/salaries.ts,processHeyaEconomics,function,31,96,66,true
src/pages/MainMenu.tsx,MainMenu,function,23,88,66,true
src/components/dashboard/ActionQueueSections.tsx,ActionResolveRow,function,45,109,65,true
src/components/game/boutReplay/BoutControls.tsx,BoutControls,function,22,86,65,true
src/components/game/boutReplay/boutCanvas/drawRikishiParts.ts,drawBody,function,124,188,65,true
src/components/game/perceptionComponents.tsx,H2HPanel,function,262,326,65,true
src/components/layout/TopNavBarSections.tsx,AdvanceButton,function,242,306,65,true
src/components/media/MediaPageSections.tsx,anonymous@212,arrow,212,276,65,false
src/components/oyakata/OyakataPageSections.tsx,OyakataCard,function,192,256,65,false
src/components/recruitment/YouthAcademyPanelSections.tsx,StaffSection,function,62,126,65,true
src/engine/actions/OyakataIntervention.ts,applyOyakataIntervention,function,42,106,65,true
src/engine/facilities.ts,npcFacilityInvestment,function,254,318,65,false
src/engine/systems/generation/RecruitmentController.ts,allocateVacancies,function,43,107,65,true
src/engine/systems/generation/TalentPoolMaterialization.ts,finalizeSignedCandidates,function,102,166,65,true
src/engine/systems/governance/GomenfudaService.ts,recordGomenfuda,function,39,103,65,true
src/engine/systems/governance/ScandalService.ts,issueGovernanceRuling,function,285,349,65,true
src/pages/BookmarksPage.tsx,BookmarkItem,function,20,84,65,false
src/components/game/BoutResultDisplay.tsx,BoutResultDisplay,function,56,119,64,true
src/components/game/CrisisModal.tsx,CrisisModal,function,22,85,64,true
src/components/menu/MainMenuFooter.tsx,MainMenuFooter,function,14,77,64,true
src/components/rikishi/career/NotableBouts.tsx,anonymous@22,arrow,22,85,64,false
src/components/stable/ChronicleRoomSections.tsx,ChronicleHeader,function,33,96,64,true
src/components/stable/ChronicleRoomSections.tsx,ChronicleSideColumn,function,152,215,64,true
src/engine/banzuke/BanzukePublisher.ts,publishBanzukeUpdate,function,39,102,64,true
src/engine/history.ts,checkShikonaChange,function,166,229,64,true
src/engine/npcAI/handlers.ts,consolidateOyakataMemory,function,140,203,64,true
src/engine/systems/generation/RosterFactory.ts,anonymous@59,arrow,59,122,64,false
src/engine/systems/generation/TalentPoolOffers.ts,offerCandidate,function,19,82,64,true
src/engine/tick/phases/npc_ai/memory.ts,consolidateOyakataMemoryPure,function,13,76,64,true
src/components/basho/ScheduleSections.tsx,ScheduleFilters,function,28,90,63,true
src/components/kesho/KeshoBadge.tsx,KeshoBadge,function,21,83,63,true
src/components/layout/control-center/ListCard.tsx,ListCard,function,47,109,63,true
src/components/rikishi/RikishiNaturalization.tsx,RikishiNaturalization,function,25,87,63,true
src/components/stable/GlobalStrategicHubSections.tsx,InfluenceCard,function,19,81,63,true
src/components/stable/InfrastructureSections.tsx,InfrastructureOverview,function,31,93,63,true
src/constants/engine/career.ts,ORIGINS,const-arr,205,267,63,true
src/engine/bard/BardEngine.ts,getOptions,function,148,210,63,false
src/engine/bout/narrative/postbout2.ts,beatPostBoutLeaderboard,function,28,90,63,false
src/engine/lifecycle/PlayoffResolver.ts,resolveDivisionPlayoffs,function,155,217,63,true
src/engine/shikona/legacy.ts,extractLegacyPrefix,function,10,72,63,true
src/engine/systems/governance/ScandalService.ts,reportScandal,function,29,91,63,true
src/engine/tick/phases/phase_pre_basho_assessment.ts,assessRikishi,function,109,171,63,false
src/components/dashboard/NewsWidget.tsx,NewsWidget,function,113,174,62,true
src/components/exhibition/RegionalHubSections.tsx,RegionalInfluenceGrid,function,39,100,62,true
src/components/game/WelfarePanelSections.tsx,WelfareMoraleCard,function,75,136,62,true
src/components/scouting/CompareModePanel.tsx,CompareModePanel,function,21,82,62,true
src/components/stable/StablePageTabs.tsx,anonymous@61,arrow,61,122,62,false
src/constants/engine/training.ts,FOCUS_BIAS_MATRIX,const-obj,43,104,62,true
src/engine/bard/dramaGenerator.ts,generateRandomDrama,function,54,115,62,false
src/engine/systems/economy/InfrastructureService.ts,startConstruction,method,59,120,62,false
src/engine/systems/economy/sponsorshipMutations.ts,processSponsorChurn,function,121,182,62,true
src/engine/systems/generation/TalentPoolStateService.ts,reinjectToTalentPool,function,82,143,62,true
src/engine/tick/phases/phase01_week_health.ts,processInjuryRoll,function,101,162,62,false
src/engine/tick/phases/welfare/transitions.ts,handleWatchTransition,function,115,176,62,true
src/presenters/banzukeUI.ts,buildBanzukeRows,function,70,131,62,true
src/presenters/projections/eventProjections.ts,projectBashoResults,function,54,115,62,true
src/components/economy/DebtSections.tsx,LoanCard,function,73,133,61,true
src/components/game/BoutResultDisplaySections.tsx,KimariteCard,function,98,158,61,true
src/components/ui/SortMenu.tsx,SortMenuInner,function,29,89,61,false
src/engine/core/ImpactResolver.ts,applyEntityUpdates,function,46,106,61,false
src/engine/schedule.ts,scheduleJuryoWithCrossover,function,222,282,61,true
src/engine/shikona/generateShikona.ts,generateShikona,function,15,75,61,true
src/engine/simulation/AutoSimService.ts,checkStopCondition,function,290,350,61,true
src/engine/systems/economy/sponsorshipMutations.ts,recruitSponsor,function,25,85,61,true
src/engine/systems/generation/PersonaAssignment.ts,assignPersonalityTraits,function,52,112,61,true
src/engine/systems/narrative/postBashoPress/prizes.ts,generatePrizeWinnerLines,function,11,71,61,true
src/hooks/useSortState.ts,useSortState,function,14,74,61,true
src/presenters/projections/dashboardProjections.ts,projectBanzukeUIDigest,function,75,135,61,true
src/components/basho/BashoPageSections.tsx,ScheduleOverview,function,204,263,60,false
src/components/dashboard/BanzukeWidget.tsx,anonymous@26,arrow,26,85,60,false
src/components/dashboard/GlobalCupWidget.tsx,anonymous@20,arrow,20,79,60,false
src/components/menu/HeyaPreviewSections.tsx,RosterRow,function,99,158,60,false
src/components/wizard/StableStep.tsx,anonymous@48,arrow,48,107,60,false
src/pages/HistoryDashboard.tsx,HistoryDashboard,arrow,29,88,60,true
src/presenters/heyaUI.ts,projectHeya,function,44,103,60,true
src/components/game/FacilitiesManagementPanel.tsx,FacilitiesManagementPanel,function,30,88,59,true
src/components/game/NarrativeCeremonyDialog.tsx,NarrativeCeremonyDialog,function,20,78,59,true
src/components/kesho/keshoComponents.tsx,YokozunaTsunaDisplay,function,77,135,59,true
src/components/layout/MainContentPane.tsx,MainContentPane,function,11,69,59,true
src/components/layout/MobileEventLog.tsx,MobileEventLog,function,20,78,59,true
src/components/recap/TournamentCeremonySections.tsx,KinboshiCard,function,149,207,59,true
src/components/rikishi/career/CareerHistorySections.tsx,PromotionHistory,function,89,147,59,true
src/engine/strategy/NPCStrategyService.ts,decideTrainingFocus,function,160,218,59,true
src/engine/systems/NPCPersonaService.ts,getManagerPersona,function,180,238,59,true
src/engine/tick/phases/phase01_week_welfare.ts,orchestrateTransitionsPure,function,197,255,59,false
src/components/avatar/SumoAvatar.tsx,SumoAvatar,fn-expr,51,108,58,true
src/components/charts/ProgressArc.tsx,ProgressArc,function,32,89,58,true
src/components/dashboard/RosterWidget.tsx,anonymous@116,arrow,116,173,58,false
src/components/economy/KoenkaiSekitoriCards.tsx,KoenkaiSekitoriCards,function,19,76,58,true
src/components/game/InjuryRecoveryPanelSections.tsx,WithdrawalDialog,function,165,222,58,true
src/components/governance/GovernancePoliticsTab.tsx,anonymous@100,arrow,100,157,58,false
src/components/layout/EventLogPanel.tsx,EventLogPanel,function,21,78,58,true
src/components/rivalries/rivalryUtils.tsx,H2HBar,function,11,68,58,true
src/engine/banzuke/promotionLogic.ts,computeMovementUnits,function,106,163,58,true
src/engine/bout/narrative/pipeline.ts,buildPipeline,function,54,111,58,true
src/engine/core/ImpactResolver.ts,resolveImpacts,function,433,490,58,true
src/engine/h2h.ts,updateH2H,function,47,104,58,true
src/engine/oyakataPersonalities.ts,OYAKATA_ARCHETYPES,const-obj,34,91,58,true
src/engine/persistence/MigrationService.ts,migrateToV1_2_0,arrow,160,217,58,false
src/engine/tick/phases/phase01_week_npc_ai.ts,maybeAssignNPCMentors,function,230,287,58,false
src/engine/tick/pipelineRunner.ts,runPipeline,function,116,173,58,true
src/components/dashboard/SponsorRecruitmentWidget.tsx,anonymous@32,arrow,32,88,57,false
src/components/layout/eventLogHelpers.ts,getEventRoute,function,50,106,57,true
src/components/media/MediaPageSections.tsx,HeadlinesCard,function,283,339,57,true
src/engine/core/RNGRegistry.ts,RNGRegistry,const-obj,38,94,57,true
src/engine/staff.ts,generateStaff,function,79,135,57,true
src/engine/systems/basho/ExhibitionBashoService.ts,simulateExhibitionBasho,function,144,200,57,true
src/engine/systems/media/MediaEventService.ts,handleMediaEventForHeya,function,138,194,57,true
src/engine/systems/recruitment/YouthAcademyService.ts,hireAcademyStaff,function,437,493,57,true
src/engine/tick/tickDaily.ts,batchAdvanceCalendar,function,384,440,57,false
src/presenters/projections/historyProjections.ts,projectHistoryAggregate,function,22,78,57,true
src/components/basho/BashoPageSections.tsx,BashoStandingsSidebar,function,297,352,56,true
src/components/dashboard/IntelligencePanel.tsx,IntelligencePanel,fn-expr,32,87,56,true
src/components/dashboard/NewsWidget.tsx,anonymous@54,arrow,54,109,56,false
src/components/economy/FinancialHealthOverview.tsx,FinancialHealthOverview,function,21,76,56,true
src/components/game/BoutLog.tsx,BoutLog,function,50,105,56,true
src/components/media/MediaPageSections.tsx,HotRikishiCard,function,342,397,56,true
src/components/rivalries/RivalriesHeader.tsx,RivalriesHeader,function,19,74,56,true
src/components/scouting/RecruitingTabSections.tsx,QuotaFilterRow,function,125,180,56,true
src/engine/banzuke/banzukeHelpers.ts,resolveBanzukeTie,function,47,102,56,true
src/engine/core/EntityCollection.ts,EntityCollection,const-obj,30,85,56,true
src/engine/npcAI/weekly/postPasses.ts,applyInjuryRiskReduction,function,100,155,56,true
src/engine/systems/governance/PoliticalFavorsService.ts,PoliticalFavorsService,const-obj,44,99,56,true
src/engine/worker/commands/lifecycle.ts,TICK_MULTIPLE_DAYS,arrow,112,167,56,false
src/engine/world.ts,resolveAndApplyBout,function,131,186,56,false
src/pages/FacilitiesPage.tsx,FacilitiesPage,function,16,71,56,true
src/presenters/projections/cornerAdviceProjection.ts,projectCornerAdvice,function,28,83,56,true
src/components/almanac/AlmanacTabs.tsx,LeaderboardWidget,function,33,87,55,true
src/components/dashboard/AcademyWidget.tsx,AcademyWidget,function,15,69,55,true
src/components/dashboard/DashboardStatusSections.tsx,DashboardPhaseWidgets,function,106,160,55,true
src/components/dashboard/YushoRaceWidget.tsx,YushoRaceWidget,arrow,97,151,55,true
src/components/game/KeshoEditorSections.tsx,KeshoPreview,function,19,73,55,true
src/components/game/PlayoffBracket.tsx,anonymous@57,arrow,57,111,55,false
src/engine/banzuke.ts,computeVariableSanyakuCounts,function,456,510,55,true
src/engine/bout/terminalKimarite.ts,BELT_FALL_CANDIDATES,const-arr,104,158,55,false
src/engine/lifecycle/RegistryService.ts,openRecruitmentWindow,function,29,83,55,true
src/engine/loop/LoopDecisionEngine.ts,pushKyujoDecisions,function,146,200,55,false
src/engine/schedule.ts,applyMatchmakingAvoid,function,325,379,55,false
src/engine/systems/keshoMawashi/KeshoMawashiFactory.ts,generateColors,function,257,311,55,false
src/engine/systems/keshoMawashi/KeshoMawashiFactory.ts,selectBasePattern,function,314,368,55,false
src/engine/systems/recruitment/ScoutingService.ts,createScoutedView,method,83,137,55,false
src/engine/tick/phases/phase00_preflight.ts,phase00_preflight,function,29,83,55,true
src/engine/world.ts,simulateBoutsForDay,function,259,313,55,true
src/hooks/useSaveLoadState.ts,useTransferActions,function,112,166,55,false
src/hooks/useSponsorsDerived.ts,useSponsorsDerived,function,19,73,55,true
src/presenters/uiFormatters.ts,formatMetaTrends,function,101,155,55,true
src/components/charts/GlobalCupStats.tsx,BracketProgressChart,function,86,139,54,true
src/components/dashboard/EventFeed.tsx,EventFeed,function,93,146,54,true
src/components/economy/SponsorshipHubSections.tsx,SponsorSummaryCards,function,47,100,54,true
src/components/game/BoutResultDisplaySections.tsx,BoutStatsRow,function,161,214,54,true
src/components/game/SaveLoadDialogSections.tsx,SaveLoadConfirmations,function,171,224,54,true
src/components/game/boutReplay/boutCanvas/targetStates.ts,finishTargetEastWins,function,122,175,54,false
src/components/layout/AppSidebarSections.tsx,SidebarBrand,function,27,80,54,true
src/components/rikishi/RankBadgeVariants.tsx,PillRankBadge,function,112,165,54,true
src/engine/bout/narrative/frames.ts,handleEdgeCrisisFrame,function,430,483,54,false
src/engine/loans.ts,determineLoanTerms,function,25,78,54,true
src/engine/myosekiMarket.ts,generateMyosekiMarket,function,144,197,54,true
src/engine/npcAI/weekly/agents.ts,assembleAgentDecisions,function,152,205,54,false
src/engine/npcSponsorStrategy.ts,DefaultSponsorStrategy,const-obj,39,92,54,true
src/engine/persistence/MigrationService.ts,MigrationService,const-obj,332,385,54,true
src/engine/systems/economy/MochikyukinService.ts,payMochikyukinBonuses,function,114,167,54,true
src/engine/systems/media/MediaEventService.ts,handleMediaEvent,function,75,128,54,true
src/engine/systems/recruitment/ScoutingService.ts,getScoutedAttributes,method,161,214,54,false
src/engine/tick/phases/welfare/transitions.ts,handleInvestigationTransition,function,178,231,54,true
src/hooks/useDrillPlanner.ts,useDrillPlanner,function,48,101,54,true
src/pages/MediaPage.tsx,MediaPage,function,17,70,54,true
src/components/game/GlobalCupBracket.tsx,MatchCard,function,16,68,53,false
src/components/stable/AcademyManagementPanel.tsx,anonymous@56,arrow,56,108,53,false
src/components/stable/GlobalStrategicHubSections.tsx,PipelineCard,function,84,136,53,true
src/components/staff/StaffCard.tsx,BandStats,function,71,123,53,false
src/engine/banzuke/promotionLogic.ts,bestTierAllowed,function,166,218,53,true
src/engine/facilities.ts,investInFacility,function,101,153,53,true
src/engine/lifecycle/BashoHistory.ts,checkYokozunaPromotions,function,289,341,53,true
src/engine/npcAI/weekly/agents.ts,buildWeeklyImpact,function,262,314,53,true
src/engine/npcAI/weekly/workers.ts,runWeeklyWorkers,function,24,76,53,true
src/engine/systems/governance/MyosekiTradingService.ts,purchaseMyoseki,function,201,253,53,true
src/hooks/useSponsorsDerived.ts,anonymous@20,arrow,20,72,53,false
src/components/dashboard/CalendarWidget.tsx,CalendarWidget,function,13,64,52,true
src/components/dashboard/PreBashoAssessment.tsx,anonymous@23,arrow,23,74,52,false
src/components/game/SponsorsPanelSections.tsx,KoenkaiCard,function,44,95,52,true
src/components/kesho/keshoComponents.tsx,TierBadge,function,14,65,52,true
src/components/kesho/keshoSymbols.tsx,renderSecondarySymbol,function,61,112,52,true
src/components/myoseki/MyosekiMarketSections.tsx,StockCard,function,56,107,52,false
src/components/rikishi/RikishiProfileHeader.tsx,RikishiProfileHeader,function,38,89,52,true
src/components/rikishi/career/BashoHistoryTable.tsx,BashoHistoryTable,function,122,173,52,true
src/components/training/InjuryRiskHeatmap.tsx,anonymous@106,arrow,106,157,52,false
src/components/ui/sidebar/menu.tsx,SidebarMenuButton,function,62,113,52,true
src/engine/banzuke/publish/snapshot.ts,persistBanzukeSnapshot,function,25,76,52,true
src/engine/npcSponsorStrategy.ts,evaluateSponsorRecruitment,method,40,91,52,false
src/engine/systems/economy/SponsorContractService.ts,renewSponsorContract,function,36,87,52,true
src/engine/systems/media/MediaBoutService.ts,processStreak,function,249,300,52,false
src/engine/systems/media/MediaEventService.ts,generateGovernanceHeadline,function,18,69,52,true
src/hooks/use-toast.ts,reducer,arrow,67,118,52,false
src/components/almanac/AlmanacTabs.tsx,PastBashosTab,function,116,166,51,true
src/components/basho/ScheduleSections.tsx,MatchCard,function,93,143,51,false
src/components/dashboard/PromotionPipelineSections.tsx,RankDistributionChart,function,126,176,51,true
src/components/dashboard/TrainingWidget.tsx,anonymous@17,arrow,17,67,51,false
src/components/economy/FinancialTrendsChart.tsx,buildWeeklyBuckets,function,45,95,51,false
src/components/game/RikishiCardSections.tsx,RikishiCardHeader,function,21,71,51,true
src/components/game/boutReplay/boutCanvas/targetStates.ts,finishTargetWestWins,function,177,227,51,false
src/components/hof/HofPageSections.tsx,HallHero,function,22,72,51,true
src/components/layout/Breadcrumbs.tsx,Breadcrumbs,function,77,127,51,true
src/components/stable/ChronicleRoomSections.tsx,EraTimeline,function,99,149,51,true
src/components/stable/SuccessionModal.tsx,anonymous@74,arrow,74,124,51,false
src/components/ui/button.tsx,Button,function,18,68,51,false
src/components/wizard/IdentityStep.tsx,IdentityStep,function,21,71,51,true
src/engine/advisor/AdvisorService.ts,leagueRecommendations,function,205,255,51,false
src/engine/bout/ReplayMetadata.ts,getReplayPhaseDurations,function,135,185,51,true
src/engine/bout/boutPhaseLoop.ts,resolveBoutPhysicsImpl,function,182,232,51,true
src/engine/bout/narrative/frames.ts,handleGripTransitionFrame,function,316,366,51,false
src/engine/bout/narrative/stakes.ts,beatWinlessFirstWin,function,56,106,51,false
src/engine/lifecycle/BashoHistory.ts,newAwardEntries,const-arr,136,186,51,false
src/engine/loans.ts,processMonthlyLoanRepayments,function,186,236,51,true
src/engine/npcAI/handlers.ts,handleNPCMediaEvent,function,88,138,51,true
src/engine/scoutingStore.ts,getOrCreateScouted,function,104,154,51,true
src/engine/systems/economy/TravelAllowanceService.ts,distributeKoenkaiToSekitori,function,123,173,51,true
src/engine/systems/generation/CandidateStats.ts,generateRikishiStats,function,249,299,51,true
src/engine/systems/governance/PoliticalFavorsService.ts,requestFavor,method,48,98,51,false
src/hooks/useSaveLoadState.ts,useSaveLoadState,function,168,218,51,true
src/presenters/npcAgentProjections.ts,surfaceManagerDecision,function,49,99,51,false
src/presenters/projections/promotionProjections.ts,getYokozunaCandidates,function,93,143,51,true
src/components/basho/BashoPageSections.tsx,BashoDayControls,function,65,114,50,true
src/components/basho/ScheduleSections.tsx,ScheduleBoutList,function,146,195,50,true
src/components/dashboard/DigestWidget.tsx,anonymous@49,arrow,49,98,50,false
src/components/dashboard/ScoutingWidget.tsx,anonymous@83,arrow,83,132,50,false
src/components/economy/DebtSection.tsx,DebtSection,function,21,70,50,true
src/components/game/BoutNarrativeModalSections.tsx,CommentaryLine,function,160,209,50,false
src/components/game/GlobalCupBracket.tsx,GlobalCupBracket,function,70,119,50,true
src/components/game/boutReplay/replayFx.ts,drawReplayFrame,function,95,144,50,true
src/components/rikishi/RikishiProfileTab.tsx,generateBadges,function,115,164,50,false
src/components/wizard/FactionStep.tsx,anonymous@47,arrow,47,96,50,false
src/components/wizard/WizardFooter.tsx,WizardFooter,function,17,66,50,true
src/engine/bout/boutResolver.ts,applyRivalryToRikishi,function,573,622,50,true
src/engine/bout/narrative/context.ts,beatRookieTourneyCount,function,227,276,50,false
src/engine/bout/yaocho.ts,evaluateYaochoIndicators,function,53,102,50,true
src/engine/staff.ts,getHeyaStaffBonuses,function,330,379,50,true
src/engine/strategy/NPCStrategyService.ts,decideScoutingPriority,function,292,341,50,true
src/engine/systems/economy/InfrastructureService.ts,getHeyaBonuses,method,202,251,50,false
src/engine/systems/generation/TalentPoolMaterialization.ts,materializeCandidateToRikishiInternal,function,16,65,50,true
src/engine/systems/generation/talentPoolScoutingOps.ts,scoutPool,function,26,75,50,true
src/engine/systems/legacy/LegacyService.ts,registerLegacyTrait,method,31,80,50,false
src/engine/systems/training/SparringService.ts,assignSparringPair,function,272,321,50,true
src/engine/tick/phases/phase01_week_npc_ai.ts,applyPostDecisionBookkeeping,function,542,591,50,false
src/engine/types/keshoMawashi.ts,CORPORATE_INDUSTRY_PALETTES,const-obj,406,455,50,true
src/hooks/useCalendarActions.ts,useCalendarActions,function,6,55,50,true
src/hooks/useTrainingDerived.ts,useTrainingDerived,function,21,70,50,true
src/presenters/projections/sponsorProjection.ts,buildAndSortActiveSponsors,function,58,107,50,false
src/components/game/FacilitiesManagementPanelSections.tsx,FacilityOverviewCard,function,31,79,49,true
src/components/menu/RikishiDetailDialog.tsx,RikishiDetailDialog,function,33,81,49,true
src/components/recruitment/YouthAcademyPanelSections.tsx,ProspectsSection,function,129,177,49,true
src/components/rikishi/KihakuStatRow.tsx,KihakuStatRow,function,25,73,49,true
src/components/rikishi/RosterListSections.tsx,RosterToolbar,function,29,77,49,true
src/components/settings/SettingsSections.tsx,SaveLoadCard,function,50,98,49,true
src/components/training/WeightJourneyCard.tsx,WeightJourneyCard,function,25,73,49,true
src/components/ui/SkeletonCard.tsx,SkeletonCard,function,32,80,49,true
src/engine/advisor/AdvisorService.ts,bashoRecommendations,function,154,202,49,false
src/engine/almanac/career.ts,simulateBashoPerformance,function,183,231,49,false
src/engine/banzuke/publish/newRanks.ts,checkOzekiRankTransitions,function,142,190,49,false
src/engine/banzuke/publish/performance.ts,evaluateYokozunaPressure,function,121,169,49,false
src/engine/bard/dramaGenerator.ts,triggerCrisis,function,275,323,49,true
src/engine/bout/narrative/postbout2.ts,beatAgeDecline,function,283,331,49,false
src/engine/data/sumo_geography.ts,JAPANESE_PREFECTURES,const-arr,1,49,49,true
src/engine/facilities.ts,applyMonthlyDecayOrMaintenance,function,197,245,49,false
src/engine/history.ts,runHistoryUpdates,function,112,160,49,true
src/engine/npcAI/weekly.ts,makeNPCWeeklyDecision,function,11,59,49,true
src/engine/rikishiAgency/requests.ts,resolveNPCRequest,function,31,79,49,true
src/engine/shikona/legacy.ts,extractLegacySuffix,function,74,122,49,true
src/engine/systems/economy/GlobalCupService.ts,initializeTournament,method,125,173,49,false
src/engine/systems/governance/ScandalService.ts,runElections,function,183,231,49,true
src/engine/systems/keshoMawashi/KeshoMawashiFactory.ts,generateDescription,function,601,649,49,false
src/engine/types/keshoMawashi.ts,MOTIF_COLOR_ASSOCIATIONS,const-obj,352,400,49,true
src/presenters/projections/boutProjections.ts,projectOpponentScoutingUIDigest,function,135,183,49,true
src/presenters/projections/hofProjection.ts,projectHOFUIDigest,function,33,81,49,true
src/components/dashboard/BanzukeWidget.tsx,BanzukeWidget,function,126,173,48,true
src/components/game/boutReplay/replayRuntime.ts,useReplayLoop,function,191,238,48,true
src/components/hof/HofTabs.tsx,InducteeList,function,49,96,48,false
src/components/layout/TopNavBar.tsx,TopNavBar,function,19,66,48,true
src/components/menu/MainMenuSections.tsx,MainMenuHero,function,93,140,48,true
src/components/myoseki/MyosekiMarketSections.tsx,OwnedSharesTab,function,156,203,48,true
src/components/oyakata/OyakataPageSections.tsx,OyakataDirectory,function,259,306,48,true
src/components/recap/TournamentCeremonySections.tsx,JunYushoCard,function,99,146,48,true
src/components/recruitment/YouthAcademyPanelSections.tsx,InvestSection,function,180,227,48,true
src/components/rikishi/career/CareerHistorySections.tsx,MilestoneTimeline,function,149,196,48,true
src/engine/holiday.ts,runHoliday,function,393,440,48,true
src/engine/kimariteRegistry.ts,CATEGORY_DEFAULTS,const-obj,29,76,48,false
src/engine/lineage.ts,recordOyakataHandover,function,141,188,48,true
src/engine/persistence/SaveSlotService.ts,getSaveSlotInfos,method,48,95,48,false
src/engine/shikona/legacy.ts,commonPrefixes,const-arr,12,59,48,false
src/engine/systems/generation/CandidateBuilder.ts,createBaseInfo,function,43,90,48,false
src/engine/systems/keshoMawashi/KeshoMawashiFactory.ts,generateMainSymbol,function,452,499,48,false
src/engine/systems/legacy/DynastyService.ts,triggerSuccessionWithGeneric,method,347,394,48,false
src/engine/systems/meta/HistoryService.ts,updateAllTimeRecords,method,20,67,48,false
src/pages/GlobalCupPage.tsx,GlobalCupPage,function,22,69,48,true
src/presenters/projections/trainingProjections.ts,projectTrainingSummary,function,47,94,48,true
src/components/academy/AcademyStaffList.tsx,AcademyStaffList,function,22,68,47,true
src/components/charts/GlobalCupStats.tsx,ParticipantNationalityChart,function,38,84,47,true
src/components/exhibition/ExhibitionInvitationsPanel.tsx,ExhibitionInvitationsPanel,function,17,63,47,true
src/components/exhibition/RegionalHubSections.tsx,anonymous@50,arrow,50,96,47,false
src/components/game/MatchDayViewer.tsx,anonymous@57,arrow,57,103,47,false
src/components/game/RikishiCardSections.tsx,PrestigeSection,function,120,166,47,true
src/components/game/SaveLoadDialogSections.tsx,ExportImportRow,function,100,146,47,true
src/components/game/boutReplay/replayLoop.ts,emitPhaseTransition,function,31,77,47,false
src/components/rikishi/RankBadgeVariants.tsx,FullRankBadge,function,168,214,47,true
src/engine/banzuke/banzukeMovementNarrative.ts,generateBanzukeMovementNarrative,function,12,58,47,true
src/engine/bard/narrativeContext.ts,buildNarrativeContext,function,49,95,47,true
src/engine/bout/narrative/postbout2.ts,beatPostBoutRivalry,function,217,263,47,false
src/engine/matchmaking/LowerDivisionSwiss.ts,phase1,function,72,118,47,false
src/engine/npcAI/StrategicPlanner.ts,createPlan,function,361,407,47,true
src/engine/shikona/heyaPrefixes.ts,HEYA_SIGNATURE_PREFIXES,const-obj,15,61,47,true
src/engine/shikona/houseStyles.ts,HOUSE_STYLES,const-arr,9,55,47,true
src/engine/strategy/NPCFinanceCalculator.ts,BUY_MYOSEKI_RULE,const-obj,37,83,47,false
src/engine/systems/basho/ExhibitionBashoService.ts,getExhibitionBashoSchedule,function,51,97,47,true
src/engine/systems/generation/HeyaFactory.ts,HEYA_NAMES,const-arr,154,200,47,false
src/engine/systems/generation/talentPoolScoutingOps.ts,scoutCandidate,function,80,126,47,true
src/engine/systems/governance/GovernanceService.ts,resolveCrisis,function,14,60,47,true
src/engine/systems/legacy/DynastyService.ts,findEligibleSuccessors,method,152,198,47,false
src/engine/tick/phases/phase06_narrative.ts,deriveRecentAchievements,function,178,224,47,false
src/presenters/projections/financeProjections.ts,projectFinanceSummary,function,46,92,47,true
src/presenters/projections/mediaProjection.ts,projectMediaUIDigest,function,15,61,47,true
src/components/game/PlayoffBracket.tsx,anonymous@63,arrow,63,108,46,false
src/components/game/boutReplay/boutCanvas/drawRikishiParts.ts,drawHead,function,237,282,46,true
src/components/governance/GovernanceOverviewTab.tsx,YdcKihakuCard,function,170,215,46,false
src/components/layout/SubNavTabs.tsx,anonymous@46,arrow,46,91,46,false
src/components/recap/NarrativeSummarySections.tsx,PrestigeShiftsSection,function,123,168,46,true
src/components/settings/SettingsSections.tsx,SimulationCard,function,130,175,46,true
src/engine/bout/kimariteClassifier.ts,evaluateKimariteAttempt,function,21,66,46,true
src/engine/loans.ts,prepayLoan,function,242,287,46,true
src/engine/npcAI/handlers.ts,handleNPCCrisis,function,41,86,46,true
src/engine/rikishiAgency/RikishiAgencyService.ts,REQUEST_RULES,const-arr,86,131,46,false
src/engine/simulation/AutoSimService.ts,STOP_HANDLERS,const-obj,301,346,46,false
src/engine/staff.ts,tickStaffWeek,function,144,189,46,true
src/engine/systems/economy/sponsorshipQueries.ts,createKoenkai,function,97,142,46,true
src/engine/systems/generation/CandidatePoolService.ts,createDefaultCandidatePoolState,function,38,83,46,false
src/engine/systems/generation/CandidatePoolService.ts,poachCandidate,function,207,252,46,true
src/engine/systems/generation/TalentPoolStateService.ts,createDefaultTalentPoolState,function,23,68,46,false
src/engine/systems/legacy/BloodlineService.ts,applyHeritageBonus,method,77,122,46,false
src/engine/systems/worldCircuit/WorldCircuitService.ts,manageAcademy,function,335,380,46,true
src/pages/HistoryDashboard.tsx,LeaderboardCard,function,90,135,46,false
src/pages/SponsorManagementPage.tsx,SponsorManagementPage,function,14,59,46,true
src/presenters/projections/dashboardProjections.ts,projectDashboardUIDigest,function,25,70,46,true
src/presenters/projections/economyProjections.ts,projectMergerWarnings,function,61,106,46,true
src/components/academy/AcademyIntakeCard.tsx,AcademyIntakeCard,function,16,60,45,true
src/components/game/InboxNewsTicker.tsx,InboxNewsTicker,function,12,56,45,true
src/components/kesho/keshoSymbols.tsx,renderSymbol,function,12,56,45,true
src/components/media/MediaPageSections.tsx,HeadlineCard,function,77,121,45,false
src/components/menu/MainMenuSections.tsx,StatureGroups,function,170,214,45,false
src/components/menu/MainMenuSections.tsx,StableSelectionTabs,function,217,261,45,true
src/components/menu/RikishiDetailDialogSections.tsx,BasicInfoGrid,function,81,125,45,true
src/engine/bout/boutAchievements.ts,detectKinboshi,function,24,68,45,true
src/engine/bout/boutTacticAftermath.ts,aftermathForSide,function,24,68,45,false
src/engine/bout/narrative/postbout2.ts,beatReplayHighlight,function,486,530,45,false
src/engine/myosekiMarket.ts,buyMyoseki,function,306,350,45,true
src/engine/npcSponsorStrategyHelpers.ts,evaluateSponsorRecruitmentCommon,function,152,196,45,true
src/engine/rikishiAgency/RikishiAgencyService.ts,deriveDisposition,function,35,79,45,true
src/engine/systems/economy/InfrastructureService.ts,processCompletionTick,method,142,186,45,false
src/engine/systems/generation/HeyaFactory.ts,heya,const-obj,81,125,45,false
src/engine/systems/governance/YokozunaService.ts,evaluateCandidate,method,64,108,45,false
src/engine/systems/narrative/postBashoPress/lowerDivision.ts,generateLowerDivisionChampionLines,function,11,55,45,true
src/engine/systems/worldCircuit/WorldCircuitService.ts,generateYearlyInvitations,method,43,87,45,false
src/presenters/projections/promotionProjections.ts,getOzekiRunCandidates,function,44,88,45,true
src/presenters/projections/sponsorProjection.ts,buildSponsorData,function,109,153,45,false
src/presenters/rikishi/index.ts,projectRikishi,function,95,139,45,true
src/components/dashboard/ScoutingWidget.tsx,anonymous@35,arrow,35,78,44,false
src/components/game/RikishiCardSections.tsx,CitizenshipSection,function,74,117,44,true
src/components/game/boutReplay/boutCanvas/drawRikishiParts.ts,drawArms,function,191,234,44,true
src/components/layout/AppSidebarSections.tsx,SidebarNav,function,177,220,44,true
src/components/media/MediaPageSections.tsx,BeatFilter,function,123,166,44,false
src/components/media/MediaPageSections.tsx,HeyaPressureCard,function,400,443,44,true
src/components/menu/statureConfig.ts,STATURE_CONFIG,const-obj,21,64,44,true
src/components/myoseki/MyosekiMarketSections.tsx,MarketListingTab,function,110,153,44,true
src/components/recap/recapEventGroups.ts,groupEventsByNarrative,function,31,74,44,true
src/components/rikishi/RikishiProfileTab.tsx,templates,const-obj,66,109,44,false
src/components/training/TsukebitoPanel.tsx,anonymous@74,arrow,74,117,44,false
src/engine/bard/dramaGenerator.ts,checkBashoDayDrama,function,164,207,44,true
src/engine/core/SimulationConfig.ts,SIMULATION_CONFIG,const-obj,8,51,44,true
src/engine/npcAI/opponentLearning.ts,onBoutResolvedOpponentModels,function,67,110,44,true
src/engine/shikona/generation.ts,PATTERN_HANDLERS,const-obj,81,124,44,false
src/engine/shikona/rankRules.ts,RANK_RULES,const-arr,9,52,44,true
src/engine/strategy/NPCStrategyFramework.ts,TraitChecks,const-obj,139,182,44,true
src/engine/systems/basho/ExhibitionBashoService.ts,events,const-arr,52,95,44,false
src/engine/systems/economy/TravelAllowanceService.ts,payTravelAllowance,function,31,74,44,true
src/engine/systems/generation/CandidateStats.ts,deriveCurrentAbility,function,201,244,44,true
src/engine/tick/tickDaily.ts,daysUntilPhaseTransition,function,476,519,44,false
src/hooks/useFinancesData.ts,useFinancesData,function,8,51,44,true
src/pages/HistoryDashboard.tsx,anonymous@331,arrow,331,374,44,false
src/presenters/projections/historyCohortProjections.ts,selectCohortSummaries,function,27,70,44,true
src/components/dashboard/DigestWidget.tsx,anonymous@102,arrow,102,144,43,false
src/components/economy/FacilityROIChart.tsx,CustomTooltip,function,99,141,43,false
src/components/economy/SponsorDrawCard.tsx,SponsorDrawCard,function,18,60,43,true
src/components/game/WelfarePanelSections.tsx,HealthOverviewCard,function,181,223,43,true
src/components/recruitment/YouthAcademyPanelSections.tsx,UpgradeSection,function,230,272,43,true
src/components/stable/GlobalStrategicHubSections.tsx,GlobalCupCard,function,139,181,43,true
src/engine/banzuke/publish/performance.ts,enrichMetrics,function,286,328,43,false
src/engine/core/SimulationRunner.ts,runPostBashoResolution,function,34,76,43,true
src/engine/history.ts,generateCareerSnapshot,function,22,64,43,true
src/engine/npcAI/execution.ts,applyCrisisRescue,function,364,406,43,true
src/engine/scoutingStore.ts,onBoutResolvedScouting,function,249,291,43,true
src/engine/strategy/NPCStrategyService.ts,decideRecovery,function,223,265,43,true
src/engine/systems/generation/TalentPoolStateService.ts,injectRikishiAsCandidate,function,150,192,43,true
src/engine/systems/generation/WorldFactory.ts,world,const-obj,79,121,43,false
src/engine/systems/governance/KihakuService.ts,extractFromBasho,method,104,146,43,false
src/engine/systems/governance/MyosekiTradingService.ts,leaseMyoseki,function,258,300,43,true
src/engine/systems/recruitment/YouthAcademyService.ts,applyWeeklyDevelopment,function,273,315,43,true
src/engine/world.ts,simulateBoutForToday,function,206,248,43,true
src/hooks/useOyakataSelection.ts,useOyakataSelection,function,17,59,43,true
src/presenters/projections/digestProjections.ts,buildMatchupItems,function,232,274,43,true
src/presenters/projections/hofProjection.ts,anonymous@36,arrow,36,78,43,false
src/presenters/projections/recapBanzukeRevealProjections.ts,buildBanzukeRevealEntries,function,30,72,43,true
src/presenters/selectors.ts,anonymous@58,arrow,58,100,43,true
src/components/basho/computeStandingsEvolution.ts,computeStandingsEvolution,function,19,60,42,true
src/components/economy/SponsorshipHubSections.tsx,SponsorAppealCta,function,192,233,42,true
src/components/game/CornerAdvicePanel.tsx,CornerAdvicePanel,fn-expr,11,52,42,true
src/components/game/IntaiCeremony.tsx,getCareerNarrative,function,36,77,42,false
src/components/layout/FloatingShortcuts.tsx,FloatingShortcuts,function,11,52,42,true
src/components/recap/RecapSections.tsx,RecapHeroActions,function,28,69,42,true
src/components/rikishi/RankBadgeVariants.tsx,RosterRankBadge,function,68,109,42,true
src/components/rikishi/RikishiCombatTab.tsx,anonymous@103,arrow,103,144,42,false
src/components/rikishi/RikishiPotentialPanel.tsx,anonymous@47,arrow,47,88,42,false
src/components/rikishi/career/CareerHistorySections.tsx,anonymous@102,arrow,102,143,42,false
src/constants/engine/training.ts,DRILL_EFFECTS,const-obj,148,189,42,true
src/engine/advisor/AdvisorService.ts,rosterRecommendations,function,81,122,42,false
src/engine/bard/BardEngine.ts,resolve,method,408,449,42,false
src/engine/bout/narrative/stakes.ts,beatLeaderboard,function,200,241,42,false
src/engine/events.ts,queryEvents,function,185,226,42,true
src/engine/npcRecruitmentStrategy.ts,DefaultRecruitmentStrategy,const-obj,57,98,42,true
src/engine/storage/opfsArchive.ts,validateBoutLog,function,10,51,42,false
src/engine/storage/opfsArchive.ts,OPFSArchiveService.getArchivedBoutIdsForSeason,method,226,267,42,false
src/engine/systems/generation/TalentPoolNPCRecruitment.ts,computeNpcBid,function,224,265,42,false
src/engine/systems/keshoMawashi/KeshoMawashiFactory.ts,COLOR_GENERATORS,const-obj,267,308,42,false
src/engine/tick/phases/monthly/training/archetypeDrift.ts,processArchetypeDrift,function,12,53,42,true
src/engine/tick/phases/phase01_basho_npc_tactics.ts,computeBashoPosture,function,44,85,42,true
src/engine/tick/phases/phase01_basho_npc_tactics.ts,shouldWithdrawInjuredToday,function,91,132,42,true
src/engine/tick/phases/phase01_daily_sponsors.ts,phase01_daily_sponsors,function,20,61,42,true
src/engine/tick/phases/welfare/transitions.ts,handleCompliantTransition,function,72,113,42,true
src/presenters/youthAcademyProjections.ts,projectYouthAcademy,function,52,93,42,true
src/store/gameStore.ts,worker.onmessage,arrow,123,164,42,false
src/store/gameStore.ts,sendCommand,arrow,169,210,42,true
src/App.tsx,App,arrow,18,58,41,false
src/components/basho/BashoPageSections.tsx,anonymous@220,arrow,220,260,41,false
src/components/dashboard/BashoWidget.tsx,anonymous@13,arrow,13,53,41,false
src/components/game/LineageTree.tsx,anonymous@44,arrow,44,84,41,false
src/components/governance/GovernancePoliticsTab.tsx,PoliticalStanding,function,52,92,41,false
src/components/layout/control-center/DataTable.tsx,anonymous@63,arrow,63,103,41,false
src/components/layout/control-center/ProgressRow.tsx,ProgressRow,function,39,79,41,true
src/components/myoseki/MyosekiMarketSections.tsx,TransactionHistoryTab,function,206,246,41,true
src/components/stable/GlobalStrategicHub.tsx,GlobalStrategicHub,function,26,66,41,true
src/components/wizard/IdentityStepSections.tsx,NameInputRow,function,67,107,41,true
src/contexts/gameHelpers.ts,autosaveWithSignal,function,18,58,41,true
src/engine/bard/dramaGenerator.ts,STORED_CRISIS_OPTION_EFFECTS,const-obj,218,258,41,false
src/engine/bout/narrative/context.ts,beatCurrentRecords,function,10,50,41,false
src/engine/bout/narrative/context2.ts,beatRankDebut,function,332,372,41,false
src/engine/bout/physics/edgeCrisis.ts,buildEdgeCrisis,function,38,78,41,true
src/engine/eventBus/context.ts,enrichEventContext,function,13,53,41,true
src/engine/npcAI/LeaguePerception.ts,buildDivisionPressure,function,47,87,41,false
src/engine/oyakataStylePreferences.ts,scoreRecruitForOyakata,function,128,168,41,true
src/engine/strategy/NPCGovernanceCalculator.ts,POLITICAL_SABOTAGE_RULE,const-obj,38,78,41,false
src/engine/systems/economy/infrastructureValidation.ts,validateConstruction,function,36,76,41,true
src/engine/systems/governance/MyosekiTradingService.ts,returnLeasedMyoseki,function,305,345,41,true
src/engine/systems/keshoMawashi/KeshoMawashiFactory.ts,generateSponsorInfo,function,558,598,41,false
src/engine/systems/narrative/rivalry/decay.ts,applyWeeklyDecay,function,23,63,41,true
src/engine/systems/training/MentorshipService.ts,applyMentorshipBonuses,function,228,268,41,true
src/engine/worker/commands/governance.ts,APPLY_PRESS_CONFERENCE,arrow,55,95,41,false
src/engine/worker/commands/meta.ts,goOnHolidayCmd,function,69,109,41,false
src/engine/worker/runtime.ts,createWorkerRuntime,function,24,64,41,true
src/presenters/npcAgentProjections.ts,projectNPCAgentActivity,function,261,301,41,true
src/components/MentionText.tsx,MentionText,function,12,51,40,true
src/components/dashboard/PromotionPipelineSections.tsx,PromotionWatch,function,199,238,40,true
src/components/game/ProgressionTracker.tsx,anonymous@58,arrow,58,97,40,false
src/components/game/SponsorsPanelSections.tsx,ChurnedSponsorsCard,function,190,229,40,true
src/components/game/WelfarePanelSections.tsx,DietCard,function,139,178,40,true
src/components/game/boutReplay/boutCanvas/draw.ts,drawKimariteBanner,function,228,267,40,true
src/components/game/boutReplay/boutCanvas/targetStates.ts,momentumTarget,function,81,120,40,true
src/components/menu/HeyaPreview.tsx,HeyaPreview,function,35,74,40,true
src/components/rikishi/career/CareerHistorySections.tsx,NarrativeHighlights,function,48,87,40,true
src/components/staff/StaffCard.tsx,StaffCard,function,159,198,40,true
src/components/training/WeeklyDrillPlannerSections.tsx,DayCell,function,178,217,40,false
src/components/ui/KimariteTag.tsx,KimariteTag,function,25,64,40,true
src/engine/almanac/narrativeEnrichment.ts,notableBoutToHighlights,function,92,131,40,false
src/engine/banzuke/publish/records.ts,recordPromotionHistory,function,18,57,40,true
src/engine/governance/kanrekiCeremony.ts,performKanrekiCeremony,function,53,92,40,true
src/engine/systems/NPCPersonaService.ts,ensurePersonaForOyakata,function,120,159,40,true
src/engine/systems/generation/CandidateBuilder.ts,createCombatStats,function,98,137,40,false
src/engine/systems/generation/SponsorGenerator.ts,generateSponsor,function,122,161,40,true
src/engine/systems/keshoMawashi/KeshoMawashiFactory.ts,generateSecondarySymbol,function,502,541,40,false
src/engine/systems/media/MediaPreBashoService.ts,buildMediaDigest,function,173,212,40,true
src/engine/systems/narrative/CrisisService.ts,applyHeyaDelta,function,24,63,40,false
src/engine/tick/phases/welfare/transitions.ts,transitionToSanctioned,function,233,272,40,true
src/engine/world.ts,advanceBashoDay,function,75,114,40,true
src/hooks/useDashboardDerived.ts,buildRosterRows,function,46,85,40,false
src/pages/HistoryDashboard.tsx,anonymous@226,arrow,226,265,40,false
src/presenters/projections/governanceProjections.ts,projectGomenfuda,function,216,255,40,true
