ID,File,Symbol,OrphanType,Priority,UIRoute,NPCConsumer,TickPhase,TestFile,Status,PR
"ORPH-0007","src/engine/systems/basho/ExhibitionBashoService.ts","isExhibitionBasho","unreferenced-export","P3","","","","","intentional",""
"ORPH-0009","src/engine/systems/basho/ExhibitionBashoService.ts","isHonbasho","unreferenced-export","P3","","","","","intentional",""
"ORPH-0010","src/engine/systems/basho/ExhibitionBashoService.ts","getNextEvent","unreferenced-export","P3","","","","","genuine",""
"ORPH-0011","src/engine/systems/basho/NakabiService.ts","NAKABI_DAY","unreferenced-export","P3","","","","","intentional",""
"ORPH-0015","src/engine/systems/economy/KachiNokoriService.ts","KACHI_NOKORI_THRESHOLD","unreferenced-export","P0","","","","","intentional",""
"ORPH-0023","src/engine/systems/generation/FightingNameEarly.ts","EARLY_SHIKONA_CHANCE","unreferenced-export","P3","","","","","intentional",""
"ORPH-0024","src/engine/systems/generation/FightingNameEarly.ts","EARLY_SHIKONA_MOTIVATION_BOOST","unreferenced-export","P3","","","","","intentional",""
"ORPH-0027","src/engine/systems/generation/PersonaAssignment.ts","assignPressPersona","unreferenced-export","P3","","","","","intentional",""
"ORPH-0028","src/engine/systems/generation/PersonaAssignment.ts","assignPersonalityTraits","unreferenced-export","P3","","","","","intentional",""
"ORPH-0029","src/engine/systems/generation/PersonaAssignment.ts","rollBirthday","unreferenced-export","P3","","","","","intentional",""
"ORPH-0031","src/engine/systems/generation/PreSumoBackground.ts","PRE_SUMO_BACKGROUNDS","unreferenced-export","P3","","","","","intentional",""
"ORPH-0032","src/engine/systems/generation/QuirkAssignment.ts","hasPoorEyesight","unreferenced-export","P3","","","","","genuine",""
"ORPH-0033","src/engine/systems/generation/QuirkAssignment.ts","applyGlasses","unreferenced-export","P3","","","","","genuine",""
"ORPH-0034","src/engine/systems/generation/SponsorGenerator.ts","INDUSTRY_TAGS","unreferenced-export","P3","","","","","intentional",""
"ORPH-0035","src/engine/systems/generation/SponsorGenerator.ts","generateSponsorNameV2","unreferenced-export","P3","","","","","intentional",""
"ORPH-0036","src/engine/systems/generation/SponsorGenerator.ts","generateSponsorId","unreferenced-export","P3","","","","","intentional",""
"ORPH-0037","src/engine/systems/generation/SponsorGenerator.ts","rollSponsorCategory","unreferenced-export","P3","","","","","intentional",""
"ORPH-0038","src/engine/systems/generation/SponsorGenerator.ts","generateSponsor","unreferenced-export","P3","","","","","intentional",""
"ORPH-0039","src/engine/systems/generation/SponsorGenerator.ts","getTierTraitRanges","unreferenced-export","P3","","","","","intentional",""
"ORPH-0040","src/engine/systems/generation/SponsorGenerator.ts","rollTier","unreferenced-export","P3","","","","","intentional",""
"ORPH-0041","src/engine/systems/generation/SponsorGenerator.ts","INITIAL_SPONSOR_TIER_DISTRIBUTION","unreferenced-export","P3","","","","","intentional",""
"ORPH-0042","src/engine/systems/generation/TalentPoolMaterialization.ts","materializeCandidateToRikishi","unreferenced-export","P3","","","","","intentional",""
"ORPH-0043","src/engine/systems/generation/TalentPoolStateService.ts","injectRikishiAsCandidate","unreferenced-export","P3","","","","","intentional",""
"ORPH-0044","src/engine/systems/generation/applyOyakataConfig.ts","PLAYER_BACKSTORIES","unreferenced-export","P3","","","","","intentional",""
"ORPH-0045","src/engine/systems/generation/competitiveBalance.ts","recruitmentBalanceMultiplier","unreferenced-export","P3","","","","","intentional",""
"ORPH-0046","src/engine/systems/governance/GomenfudaService.ts","GOMENFUDA_REPUTATION_PENALTY","unreferenced-export","P1","","","","","intentional",""
"ORPH-0047","src/engine/systems/governance/GomenfudaService.ts","CONSECUTIVE_WITHDRAWAL_MULTIPLIER","unreferenced-export","P1","","","","","intentional",""
"ORPH-0296","src/engine/systems/governance/MyosekiTradingService.ts","executeMyosekiLease","unreferenced-export","P1","","","","","genuine",""
"ORPH-0058","src/engine/systems/health/BodyDefinitions.ts","BODY_AREA_LABELS","unreferenced-export","P0","","","","","intentional",""
"ORPH-0059","src/engine/systems/health/BodyDefinitions.ts","INJURY_TYPE_LABELS","unreferenced-export","P0","","","","","intentional",""
"ORPH-0060","src/engine/systems/health/InjuryService.ts","calculateWeeklyInjuryChance","unreferenced-export","P0","","","","","intentional",""
"ORPH-0061","src/engine/systems/health/InjuryService.ts","clearInjury","unreferenced-export","P0","","","","","intentional",""
"ORPH-0062","src/engine/systems/health/InjuryService.ts","toInjuryEvent","unreferenced-export","P0","","","","","intentional",""
"ORPH-0064","src/engine/systems/narrative/NarrativeProse.ts","hydrateDescriptor","unreferenced-export","P1","","","","","intentional",""
"ORPH-0065","src/engine/systems/narrative/PostBashoPressService.ts","PressConferenceContext","unreferenced-export","P1","","","","","intentional",""
"ORPH-0066","src/engine/systems/narrative/RivalryHeatService.ts","bumpTrigger","unreferenced-export","P1","","","","","intentional",""
"ORPH-0067","src/engine/systems/recruitment/FogOfWarService.ts","getConfidenceFromLevel","unreferenced-export","P1","","","","","intentional",""
"ORPH-0068","src/engine/systems/recruitment/FogOfWarService.ts","getEstimatedValue","unreferenced-export","P1","","","","","intentional",""
"ORPH-0072","src/engine/systems/recruitment/YouthAcademyService.ts","getQualityBonus","unreferenced-export","P1","","","","","intentional",""
"ORPH-0073","src/engine/systems/recruitment/perceivedTalent.ts","scoutingNoiseSpread","unreferenced-export","P1","","","","","intentional",""
"ORPH-0076","src/engine/systems/training/TrainingMath.ts","getStatCeiling","unreferenced-export","P0","","","","","intentional",""
"ORPH-0077","src/engine/systems/training/TrainingMath.ts","diminishingReturnsMult","unreferenced-export","P0","","","","","intentional",""
"ORPH-0078","src/engine/systems/training/TrainingMath.ts","normalizeTrainingProfile","unreferenced-export","P0","","","","","intentional",""
"ORPH-0079","src/engine/systems/training/TrainingMath.ts","calculateGrowthWithModifiers","unreferenced-export","P0","","","","","intentional",""
"ORPH-0080","src/engine/systems/training/TsukebitoService.ts","TSUKEBITO_SENIOR_RANK_THRESHOLD","unreferenced-export","P0","","","","","intentional",""
"ORPH-0082","src/engine/systems/training/TsukebitoService.ts","TSUKEBITO_TRAINING_BOOST","unreferenced-export","P0","","","","","intentional",""
"ORPH-0083","src/engine/systems/training/TsukebitoService.ts","TSUKEBITO_MORALE_BOOST","unreferenced-export","P0","","","","","intentional",""
"ORPH-0084","src/engine/systems/training/TsukebitoService.ts","TSUKEBITO_TECHNIQUE_EXPOSURE","unreferenced-export","P0","","","","","intentional",""
"ORPH-0085","src/engine/systems/training/TsukebitoService.ts","OTOTODESHI_FATIGUE_PENALTY","unreferenced-export","P0","","","","","intentional",""
"ORPH-0086","src/engine/systems/training/TsukebitoService.ts","OTOTODESHI_MENTAL_GAIN","unreferenced-export","P0","","","","","intentional",""
"ORPH-0297","src/engine/systems/training/TsukebitoService.ts","isEligibleTsukebito","unreferenced-export","P0","","","","","intentional",""
"ORPH-0088","src/engine/systems/welfare/WelfareCalculations.ts","getSeverityWeight","unreferenced-export","P0","","","","","intentional",""
"ORPH-0284","src/engine/npcAI/ArchetypeAdaptation.ts","MetaAdaptationState","unreferenced-export","P3","","","","","intentional",""
"ORPH-0287","src/engine/npcAI/ArchetypeAdaptation.ts","updateMetaAdaptation","unreferenced-export","P3","","","","","intentional",""
"ORPH-0093","src/engine/npcAI/LeaguePerception.ts","emptyLeaguePerception","unreferenced-export","P3","","","","","intentional",""
"ORPH-0095","src/engine/npcAI/MemoryStore.ts","emptyOyakataMemory","unreferenced-export","P3","","","","","intentional",""
"ORPH-0097","src/engine/npcAI/TacticalCoordinator.ts","CoordinationInput","unreferenced-export","P3","","","","","intentional",""
"ORPH-0288","src/engine/npcAI/execution.ts","applyCrisisRescue","unreferenced-export","P3","","","","","intentional",""
"ORPH-0099","src/engine/npcAI/opponentLearning.ts","MAX_OPPONENT_MODELS","unreferenced-export","P3","","","","","intentional",""
"ORPH-0102","src/engine/actions/InjuredEncouragement.ts","ENCOURAGEMENT_MOTIVATION_BOOST","unreferenced-export","P3","","","","","intentional",""
"ORPH-0114","src/engine/bard/BardEngine.ts","interpolate","unreferenced-export","P3","","","","","intentional",""
"ORPH-0116","src/engine/bard/dramaGenerator.ts","checkTriggeredDrama","unreferenced-export","P3","","","","","intentional",""
"ORPH-0117","src/engine/bard/dramaGenerator.ts","checkBashoDayDrama","unreferenced-export","P3","","","","","intentional",""
"ORPH-0118","src/engine/bard/dramaGenerator.ts","triggerCrisis","unreferenced-export","P3","","","","","intentional",""
"ORPH-0120","src/engine/bard/narrativeContext.ts","VENUE_PROFILES","unreferenced-export","P3","","","","","intentional",""
"ORPH-0122","src/engine/bout/BoutAI.ts","chooseBaseTactic","unreferenced-export","P3","","","","","intentional",""
"ORPH-0124","src/engine/bout/CornerAdvice.ts","CornerAdviceContext","unreferenced-export","P3","","","","","intentional",""
"ORPH-0125","src/engine/bout/ReplayMetadata.ts","getBoutAnimationFamily","unreferenced-export","P3","","","","","intentional",""
"ORPH-0126","src/engine/bout/boutContention.ts","getLeaderWins","unreferenced-export","P3","","","","","intentional",""
"ORPH-0127","src/engine/bout/boutGrip.ts","calculateTorque","unreferenced-export","P3","","","","","intentional",""
"ORPH-0128","src/engine/bout/boutGrip.ts","computeNetTorque","unreferenced-export","P3","","","","","intentional",""
"ORPH-0131","src/engine/bout/boutResolver.ts","applyRivalryToRikishi","unreferenced-export","P3","","","","","intentional",""
"ORPH-0212","src/engine/bout/hiwaza.ts","classifyHiwaza","unreferenced-export","P3","","","","","intentional",""
"ORPH-0143","src/engine/bout/kinjite.ts","calculateHansokuChance","unreferenced-export","P3","","","","","intentional",""
"ORPH-0144","src/engine/bout/shinitai.ts","SHINITAI_INSTABILITY_DIFF_THRESHOLD","unreferenced-export","P3","","","","","intentional",""
"ORPH-0215","src/engine/bout/terminalKimarite.ts","pickTerminalKimarite","unreferenced-export","P3","","","","","intentional",""
"ORPH-0145","src/engine/bout/yaocho.ts","YaochoIndicators","unreferenced-export","P3","","","","","intentional",""
"ORPH-0146","src/engine/bout/yaocho.ts","evaluateYaochoIndicators","unreferenced-export","P3","","","","","intentional",""
"ORPH-0147","src/engine/bout/yaocho.ts","calculateYaochoChance","unreferenced-export","P3","","","","","intentional",""
"ORPH-0150","src/engine/core/ImpactBuilder.ts","updateHeyaImpact","unreferenced-export","P3","","","","","intentional",""
"ORPH-0151","src/engine/core/ImpactBuilder.ts","updateRikishiImpact","unreferenced-export","P3","","","","","intentional",""
"ORPH-0152","src/engine/core/ImpactBuilder.ts","updateWorldFieldImpact","unreferenced-export","P3","","","","","intentional",""
"ORPH-0154","src/engine/governance/kanrekiCeremony.ts","KANREKI_AGE","unreferenced-export","P1","","","","","intentional",""
"ORPH-0155","src/engine/governance/kanrekiCeremony.ts","KANREKI_POPULARITY_BOOST","unreferenced-export","P1","","","","","intentional",""
"ORPH-0156","src/engine/governance/yokozunaAttendants.ts","ATTENDANT_POPULARITY_BOOST","unreferenced-export","P1","","","","","intentional",""
"ORPH-0157","src/engine/governance/yokozunaAttendants.ts","isEligibleAttendant","unreferenced-export","P1","","","","","intentional",""
"ORPH-0159","src/engine/matchmaking/DramaMatchmaker.ts","isMakuuchiDebut","unreferenced-export","P3","","","","","intentional",""
"ORPH-0160","src/engine/matchmaking/DramaMatchmaker.ts","scoreDrama","unreferenced-export","P3","","","","","intentional",""
"ORPH-0161","src/engine/matchmaking/MatchmakingPhases.ts","DEFAULT_MATCHMAKING_RULES","unreferenced-export","P3","","","","","intentional",""
"ORPH-0163","src/engine/matchmaking/MatchmakingPhases.ts","buildCandidatePairs","unreferenced-export","P3","","","","","intentional",""
"ORPH-0164","src/engine/matchmaking/MatchmakingPhases.ts","buildPlayoffPairs","unreferenced-export","P3","","","","","intentional",""
"ORPH-0165","src/engine/matchmaking/MatchmakingPhases.ts","buildExhibitionPairs","unreferenced-export","P3","","","","","intentional",""
"ORPH-0298","src/engine/prestige/prestigeSystem.ts","computeStatureBand","unreferenced-export","P3","","","","","intentional",""
"ORPH-0171","src/engine/shikona/legacy.ts","extractLegacyPrefix","unreferenced-export","P3","","","","","intentional",""
"ORPH-0172","src/engine/shikona/legacy.ts","extractLegacySuffix","unreferenced-export","P3","","","","","intentional",""
"ORPH-0173","src/engine/shikona/rankRules.ts","RANK_RULES","unreferenced-export","P3","","","","","intentional",""
"ORPH-0174","src/engine/shikona/rankRules.ts","resolveRankTier","unreferenced-export","P3","","","","","intentional",""
"ORPH-0177","src/engine/strategy/NPCFinanceCalculator.ts","getFinanceStrategy","unreferenced-export","P3","","","","","intentional",""
"ORPH-0178","src/engine/strategy/NPCGovernanceCalculator.ts","getGovernanceStrategy","unreferenced-export","P3","","","","","intentional",""
"ORPH-0181","src/engine/training/WeightJourney.ts","WEIGHT_JOURNEY_MIN_GAP","unreferenced-export","P0","","","","","intentional",""
"ORPH-0182","src/engine/training/WeightJourney.ts","WEIGHT_JOURNEY_WEEKLY_GAIN","unreferenced-export","P0","","","","","intentional",""
"ORPH-0183","src/engine/training/WeightJourney.ts","WEIGHT_JOURNEY_POWER_BOOST","unreferenced-export","P0","","","","","intentional",""
"ORPH-0184","src/engine/training/WeightJourney.ts","WEIGHT_JOURNEY_BALANCE_BOOST","unreferenced-export","P0","","","","","intentional",""
"ORPH-0185","src/engine/training/WeightJourney.ts","shouldEnterWeightJourney","unreferenced-export","P0","","","","","intentional",""
"ORPH-0187","src/engine/utils/Logger.ts","logger","unreferenced-export","P3","","","","","intentional",""
"ORPH-0204","src/engine/utils/math.ts","localClampInt","unreferenced-export","P3","","","","","intentional",""
"ORPH-0205","src/engine/utils/random.ts","seededWeightedPick","unreferenced-export","P3","","","","","intentional",""
"ORPH-0206","src/engine/utils/string.ts","formatShikona","unreferenced-export","P3","","","","","intentional",""